Transaction_ID,Date,Category,Region,Revenue,Cost,Expenses,Tax,Profit,Cash_Inflow,Cash_Outflow,Transaction_Value,Payment_Status
TXN001,2025-01-01,Electronics,South,125000.0,70000.0,15000.0,8000.0,32000.0,120000.0,85000.0,125000.0,Paid
TXN002,2025-01-02,Furniture,North,98000.0,55000.0,12000.0,6000.0,25000.0,95000.0,67000.0,98000.0,Paid
TXN003,2025-01-03,Clothing,West,76000.0,42000.0,9000.0,5000.0,20000.0,72000.0,51000.0,76000.0,Paid
TXN004,2025-01-04,Electronics,East,145000.0,82000.0,18000.0,9000.0,36000.0,138000.0,97000.0,145000.0,Paid
TXN005,2025-01-05,Furniture,South,112000.0,62000.0,14000.0,7000.0,29000.0,108000.0,76000.0,112000.0,Paid
TXN006,2025-01-06,Clothing,North,89000.0,48000.0,11000.0,5500.0,24500.0,85000.0,59000.0,89000.0,Paid
TXN007,2025-01-07,Electronics,West,156000.0,90000.0,19000.0,10000.0,37000.0,150000.0,105000.0,156000.0,Paid
TXN008,2025-01-08,Furniture,East,105000.0,58000.0,13000.0,6500.0,27500.0,101000.0,71500.0,105000.0,Paid
TXN009,2025-01-09,Clothing,South,92000.0,50000.0,10000.0,5500.0,26500.0,88000.0,62000.0,92000.0,Paid
TXN010,2025-01-10,Electronics,North,168000.0,95000.0,21000.0,11000.0,41000.0,162000.0,112000.0,168000.0,Paid
TXN011,2025-01-11,Electronics,South,133266.666666667,74533.3333333334,16200.0,8433.33333333333,34100.0,128133.333333333,89133.3333333334,133266.666666667,Paid
TXN012,2025-01-12,Furniture,North,136296.96969697,76230.3030303031,16563.6363636364,8630.30303030303,34872.7272727273,131084.848484849,91057.5757575758,136296.96969697,Paid
TXN013,2025-01-13,Clothing,West,139327.272727273,77927.2727272728,16927.2727272727,8827.27272727272,35645.4545454545,134036.363636364,92981.8181818182,139327.272727273,Paid
TXN014,2025-01-14,Electronics,East,142357.575757576,79624.2424242425,17290.9090909091,9024.24242424242,36418.1818181818,136987.878787879,94906.0606060606,142357.575757576,Paid
TXN015,2025-01-15,Furniture,South,145387.878787879,81321.2121212122,17654.5454545455,9221.21212121212,37190.9090909091,139939.393939394,96830.3030303031,145387.878787879,Paid
TXN016,2025-01-16,Clothing,North,148418.181818182,83018.1818181819,18018.1818181818,9418.18181818181,37963.6363636364,142890.909090909,98754.5454545455,148418.181818182,Paid
TXN017,2025-01-17,Electronics,West,151448.484848485,84715.1515151516,18381.8181818182,9615.15151515151,38736.3636363637,145842.424242424,100678.787878788,151448.484848485,Paid
TXN018,2025-01-18,Furniture,East,154478.787878788,86412.1212121213,18745.4545454546,9812.12121212121,39509.0909090909,148793.939393939,102603.03030303,154478.787878788,Paid
TXN019,2025-01-19,Clothing,South,157509.090909091,88109.090909091,19109.0909090909,10009.0909090909,40281.8181818182,151745.454545455,104527.272727273,157509.090909091,Paid
TXN020,2025-01-20,Electronics,North,160539.393939394,89806.0606060607,19472.7272727273,10206.0606060606,41054.5454545455,154696.96969697,106451.515151515,160539.393939394,Paid
TXN021,2025-01-21,Electronics,South,163569.696969697,91503.0303030304,19836.3636363636,10403.0303030303,41827.2727272728,157648.484848485,108375.757575758,163569.696969697,Paid
TXN022,2025-01-22,Furniture,North,166600.0,93200.0000000001,20200.0,10600.0,42600.0,160600.0,110300.0,166600.0,Paid
TXN023,2025-01-23,Clothing,West,169630.303030303,94896.9696969698,20563.6363636364,10796.9696969697,43372.7272727273,163551.515151515,112224.242424242,169630.303030303,Paid
TXN024,2025-01-24,Electronics,East,172660.606060606,96593.9393939394,20927.2727272727,10993.9393939394,44145.4545454546,166503.03030303,114148.484848485,172660.606060606,Paid
TXN025,2025-01-25,Furniture,South,175690.909090909,98290.9090909091,21290.9090909091,11190.9090909091,44918.1818181818,169454.545454546,116072.727272727,175690.909090909,Paid
TXN026,2025-01-26,Clothing,North,178721.212121212,99987.8787878788,21654.5454545455,11387.8787878788,45690.9090909091,172406.060606061,117996.96969697,178721.212121212,Paid
TXN027,2025-01-27,Electronics,West,181751.515151515,101684.848484848,22018.1818181818,11584.8484848485,46463.6363636364,175357.575757576,119921.212121212,181751.515151515,Paid
TXN028,2025-01-28,Furniture,East,184781.818181818,103381.818181818,22381.8181818182,11781.8181818182,47236.3636363637,178309.090909091,121845.454545455,184781.818181818,Paid
TXN029,2025-01-29,Clothing,South,187812.121212121,105078.787878788,22745.4545454546,11978.7878787879,48009.0909090909,181260.606060606,123769.696969697,187812.121212121,Paid
TXN030,2025-01-30,Electronics,North,190842.424242424,106775.757575758,23109.090909091,12175.7575757576,48781.8181818182,184212.121212121,125693.939393939,190842.424242424,Paid
TXN031,2025-01-31,Electronics,South,193872.727272727,108472.727272727,23472.7272727273,12372.7272727273,49554.5454545455,187163.636363636,127618.181818182,193872.727272727,Paid
TXN032,2025-02-01,Furniture,North,196903.03030303,110169.696969697,23836.3636363637,12569.696969697,50327.2727272728,190115.151515151,129542.424242424,196903.03030303,Paid
TXN033,2025-02-02,Clothing,West,199933.333333333,111866.666666667,24200.0,12766.6666666667,51100.0,193066.666666667,131466.666666667,199933.333333333,Paid
TXN034,2025-02-03,Electronics,East,202963.636363636,113563.636363636,24563.6363636364,12963.6363636364,51872.7272727273,196018.181818182,133390.909090909,202963.636363636,Paid
TXN035,2025-02-04,Furniture,South,205993.939393939,115260.606060606,24927.2727272728,13160.6060606061,52645.4545454546,198969.696969697,135315.151515152,205993.939393939,Paid
TXN036,2025-02-05,Clothing,North,209024.242424242,116957.575757576,25290.9090909091,13357.5757575758,53418.1818181819,201921.212121212,137239.393939394,209024.242424242,Paid
TXN037,2025-02-06,Electronics,West,212054.545454545,118654.545454545,25654.5454545455,13554.5454545455,54190.9090909091,204872.727272727,139163.636363636,212054.545454545,Paid
TXN038,2025-02-07,Furniture,East,215084.848484848,120351.515151515,26018.1818181819,13751.5151515152,54963.6363636364,207824.242424243,141087.878787879,215084.848484848,Paid
TXN039,2025-02-08,Clothing,South,218115.151515151,122048.484848485,26381.8181818182,13948.4848484848,55736.3636363637,210775.757575758,143012.121212121,218115.151515151,Paid
TXN040,2025-02-09,Electronics,North,221145.454545454,123745.454545455,26745.4545454546,14145.4545454545,56509.0909090909,213727.272727273,144936.363636364,221145.454545454,Paid
TXN041,2025-02-10,Electronics,South,224175.757575757,125442.424242424,27109.090909091,14342.4242424242,57281.8181818182,216678.787878788,146860.606060606,224175.757575757,Paid
TXN042,2025-02-11,Furniture,North,227206.06060606,127139.393939394,27472.7272727273,14539.3939393939,58054.5454545455,219630.303030303,148784.848484849,227206.06060606,Paid
TXN043,2025-02-12,Clothing,West,230236.363636363,128836.363636364,27836.3636363637,14736.3636363636,58827.2727272728,222581.818181818,150709.090909091,230236.363636363,Paid
TXN044,2025-02-13,Electronics,East,233266.666666666,130533.333333333,28200.0,14933.3333333333,59600.0,225533.333333334,152633.333333333,233266.666666666,Paid
TXN045,2025-02-14,Furniture,South,236296.969696969,132230.303030303,28563.6363636364,15130.303030303,60372.7272727273,228484.848484849,154557.575757576,236296.969696969,Paid
TXN046,2025-02-15,Clothing,North,239327.272727272,133927.272727273,28927.2727272728,15327.2727272727,61145.4545454546,231436.363636364,156481.818181818,239327.272727272,Paid
TXN047,2025-02-16,Electronics,West,242357.575757575,135624.242424242,29290.9090909091,15524.2424242424,61918.1818181819,234387.878787879,158406.060606061,242357.575757575,Paid
TXN048,2025-02-17,Furniture,East,245387.878787878,137321.212121212,29654.5454545455,15721.2121212121,62690.9090909091,237339.393939394,160330.303030303,245387.878787878,Paid
TXN049,2025-02-18,Clothing,South,248418.181818181,139018.181818182,30018.1818181819,15918.1818181818,63463.6363636364,240290.909090909,162254.545454545,248418.181818181,Paid
TXN050,2025-02-19,Electronics,North,251448.484848485,140715.151515152,30381.8181818182,16115.1515151515,64236.3636363637,243242.424242424,164178.787878788,251448.484848485,Paid
TXN051,2025-02-20,Electronics,South,254478.787878788,142412.121212121,30745.4545454546,16312.1212121212,65009.0909090909,246193.93939394,166103.03030303,254478.787878788,Paid
TXN052,2025-02-21,Furniture,North,257509.090909091,144109.090909091,31109.090909091,16509.0909090909,65781.8181818182,249145.454545455,168027.272727273,257509.090909091,Paid
TXN053,2025-02-22,Clothing,West,260539.393939394,145806.060606061,31472.7272727273,16706.0606060606,66554.5454545455,252096.96969697,169951.515151515,260539.393939394,Paid
TXN054,2025-02-23,Electronics,East,263569.696969697,147503.03030303,31836.3636363637,16903.0303030303,67327.2727272728,255048.484848485,171875.757575758,263569.696969697,Paid
TXN055,2025-02-24,Furniture,South,266600.0,149200.0,32200.0,17100.0,68100.0,258000.0,173800.0,266600.0,Paid
TXN056,2025-02-25,Clothing,North,269630.303030303,150896.96969697,32563.6363636364,17296.9696969697,68872.7272727273,260951.515151515,175724.242424242,269630.303030303,Paid
TXN057,2025-02-26,Electronics,West,272660.606060606,152593.939393939,32927.2727272728,17493.9393939394,69645.4545454546,263903.030303031,177648.484848485,272660.606060606,Paid
TXN058,2025-02-27,Furniture,East,275690.909090909,154290.909090909,33290.9090909091,17690.9090909091,70418.1818181819,266854.545454546,179572.727272727,275690.909090909,Paid
TXN059,2025-02-28,Clothing,South,278721.212121212,155987.878787879,33654.5454545455,17887.8787878788,71190.9090909091,269806.060606061,181496.96969697,278721.212121212,Paid
TXN060,2025-03-01,Electronics,North,281751.515151515,157684.848484848,34018.1818181819,18084.8484848485,71963.6363636364,272757.575757576,183421.212121212,281751.515151515,Paid
TXN061,2025-03-02,Electronics,South,284781.818181818,159381.818181818,34381.8181818182,18281.8181818182,72736.3636363637,275709.090909091,185345.454545455,284781.818181818,Paid
TXN062,2025-03-03,Furniture,North,287812.121212121,161078.787878788,34745.4545454546,18478.7878787879,73509.0909090909,278660.606060606,187269.696969697,287812.121212121,Paid
TXN063,2025-03-04,Clothing,West,290842.424242424,162775.757575757,35109.090909091,18675.7575757576,74281.8181818182,281612.121212121,189193.939393939,290842.424242424,Paid
TXN064,2025-03-05,Electronics,East,293872.727272727,164472.727272727,35472.7272727273,18872.7272727273,75054.5454545455,284563.636363637,191118.181818182,293872.727272727,Paid
TXN065,2025-03-06,Furniture,South,296903.03030303,166169.696969697,35836.3636363637,19069.696969697,75827.2727272728,287515.151515152,193042.424242424,296903.03030303,Paid
TXN066,2025-03-07,Clothing,North,299933.333333333,167866.666666666,36200.0000000001,19266.6666666667,76600.0,290466.666666667,194966.666666667,299933.333333333,Paid
TXN067,2025-03-08,Electronics,West,302963.636363636,169563.636363636,36563.6363636364,19463.6363636364,77372.7272727273,293418.181818182,196890.909090909,302963.636363636,Paid
TXN068,2025-03-09,Furniture,East,305993.939393939,171260.606060606,36927.2727272728,19660.6060606061,78145.4545454546,296369.696969697,198815.151515151,305993.939393939,Paid
TXN069,2025-03-10,Clothing,South,309024.242424242,172957.575757575,37290.9090909091,19857.5757575758,78918.1818181819,299321.212121212,200739.393939394,309024.242424242,Paid
TXN070,2025-03-11,Electronics,North,312054.545454545,174654.545454545,37654.5454545455,20054.5454545455,79690.9090909091,302272.727272728,202663.636363636,312054.545454545,Paid
TXN071,2025-03-12,Electronics,South,315084.848484848,176351.515151515,38018.1818181819,20251.5151515152,80463.6363636364,305224.242424243,204587.878787879,315084.848484848,Paid
TXN072,2025-03-13,Furniture,North,318115.151515151,178048.484848485,38381.8181818182,20448.4848484849,81236.3636363637,308175.757575758,206512.121212121,318115.151515151,Paid
TXN073,2025-03-14,Clothing,West,321145.454545454,179745.454545454,38745.4545454546,20645.4545454546,82009.0909090909,311127.272727273,208436.363636364,321145.454545454,Paid
TXN074,2025-03-15,Electronics,East,324175.757575757,181442.424242424,39109.090909091,20842.4242424243,82781.8181818182,314078.787878788,210360.606060606,324175.757575757,Paid
TXN075,2025-03-16,Furniture,South,327206.06060606,183139.393939394,39472.7272727273,21039.393939394,83554.5454545455,317030.303030303,212284.848484848,327206.06060606,Paid
TXN076,2025-03-17,Clothing,North,330236.363636363,184836.363636363,39836.3636363637,21236.3636363637,84327.2727272728,319981.818181818,214209.090909091,330236.363636363,Paid
TXN077,2025-03-18,Electronics,West,333266.666666666,186533.333333333,40200.0000000001,21433.3333333334,85100.0,322933.333333334,216133.333333333,333266.666666666,Paid
TXN078,2025-03-19,Furniture,East,336296.969696969,188230.303030303,40563.6363636364,21630.3030303031,85872.7272727273,325884.848484849,218057.575757576,336296.969696969,Paid
TXN079,2025-03-20,Clothing,South,339327.272727272,189927.272727272,40927.2727272728,21827.2727272728,86645.4545454546,328836.363636364,219981.818181818,339327.272727272,Paid
TXN080,2025-03-21,Electronics,North,342357.575757575,191624.242424242,41290.9090909091,22024.2424242425,87418.1818181819,331787.878787879,221906.060606061,342357.575757575,Paid
TXN081,2025-03-22,Electronics,South,345387.878787878,193321.212121212,41654.5454545455,22221.2121212122,88190.9090909091,334739.393939394,223830.303030303,345387.878787878,Paid
TXN082,2025-03-23,Furniture,North,348418.181818181,195018.181818181,42018.1818181819,22418.1818181819,88963.6363636364,337690.909090909,225754.545454545,348418.181818181,Paid
TXN083,2025-03-24,Clothing,West,351448.484848485,196715.151515151,42381.8181818182,22615.1515151516,89736.3636363637,340642.424242425,227678.787878788,351448.484848485,Paid
TXN084,2025-03-25,Electronics,East,354478.787878788,198412.121212121,42745.4545454546,22812.1212121212,90509.0909090909,343593.93939394,229603.03030303,354478.787878788,Paid
TXN085,2025-03-26,Furniture,South,357509.090909091,200109.090909091,43109.090909091,23009.0909090909,91281.8181818182,346545.454545455,231527.272727273,357509.090909091,Paid
TXN086,2025-03-27,Clothing,North,360539.393939394,201806.06060606,43472.7272727273,23206.0606060606,92054.5454545455,349496.96969697,233451.515151515,360539.393939394,Paid
TXN087,2025-03-28,Electronics,West,363569.696969697,203503.03030303,43836.3636363637,23403.0303030303,92827.2727272728,352448.484848485,235375.757575758,363569.696969697,Paid
TXN088,2025-03-29,Furniture,East,366600.0,205200.0,44200.0000000001,23600.0,93600.0,355400.0,237300.0,366600.0,Paid
TXN089,2025-03-30,Clothing,South,369630.303030303,206896.969696969,44563.6363636364,23796.9696969697,94372.7272727273,358351.515151515,239224.242424242,369630.303030303,Paid
TXN090,2025-03-31,Electronics,North,372660.606060606,208593.939393939,44927.2727272728,23993.9393939394,95145.4545454546,361303.030303031,241148.484848485,372660.606060606,Paid
TXN091,2025-04-01,Electronics,South,375690.909090909,210290.909090909,45290.9090909091,24190.9090909091,95918.1818181819,364254.545454546,243072.727272727,375690.909090909,Paid
TXN092,2025-04-02,Furniture,North,378721.212121212,211987.878787878,45654.5454545455,24387.8787878788,96690.9090909091,367206.060606061,244996.96969697,378721.212121212,Paid
TXN093,2025-04-03,Clothing,West,381751.515151515,213684.848484848,46018.1818181819,24584.8484848485,97463.6363636364,370157.575757576,246921.212121212,381751.515151515,Paid
TXN094,2025-04-04,Electronics,East,384781.818181818,215381.818181818,46381.8181818182,24781.8181818182,98236.3636363637,373109.090909091,248845.454545455,384781.818181818,Paid
TXN095,2025-04-05,Furniture,South,387812.121212121,217078.787878788,46745.4545454546,24978.7878787879,99009.0909090909,376060.606060606,250769.696969697,387812.121212121,Paid
TXN096,2025-04-06,Clothing,North,390842.424242424,218775.757575757,47109.090909091,25175.7575757576,99781.8181818182,379012.121212122,252693.939393939,390842.424242424,Paid
TXN097,2025-04-07,Electronics,West,393872.727272727,220472.727272727,47472.7272727273,25372.7272727273,100554.545454545,381963.636363637,254618.181818182,393872.727272727,Paid
TXN098,2025-04-08,Furniture,East,396903.03030303,222169.696969697,47836.3636363637,25569.696969697,101327.272727273,384915.151515152,256542.424242424,396903.03030303,Paid
TXN099,2025-04-09,Clothing,South,399933.333333333,223866.666666666,48200.0000000001,25766.6666666667,102100.0,387866.666666667,258466.666666667,399933.333333333,Paid
TXN100,2025-04-10,Electronics,North,402963.636363636,225563.636363636,48563.6363636364,25963.6363636364,102872.727272727,390818.181818182,260390.909090909,402963.636363636,Paid
TXN101,2025-04-11,Electronics,South,405993.939393939,227260.606060606,48927.2727272728,26160.6060606061,103645.454545455,393769.696969697,262315.151515152,405993.939393939,Paid
TXN102,2025-04-12,Furniture,North,409024.242424242,228957.575757575,49290.9090909091,26357.5757575758,104418.181818182,396721.212121212,264239.393939394,409024.242424242,Paid
TXN103,2025-04-13,Clothing,West,412054.545454545,230654.545454545,49654.5454545455,26554.5454545455,105190.909090909,399672.727272728,266163.636363636,412054.545454545,Paid
TXN104,2025-04-14,Electronics,East,415084.848484848,232351.515151515,50018.1818181819,26751.5151515152,105963.636363636,402624.242424243,268087.878787879,415084.848484848,Paid
TXN105,2025-04-15,Furniture,South,418115.151515151,234048.484848485,50381.8181818182,26948.4848484849,106736.363636364,405575.757575758,270012.121212121,418115.151515151,Paid
TXN106,2025-04-16,Clothing,North,421145.454545454,235745.454545454,50745.4545454546,27145.4545454546,107509.090909091,408527.272727273,271936.363636364,421145.454545454,Paid
TXN107,2025-04-17,Electronics,West,424175.757575757,237442.424242424,51109.090909091,27342.4242424243,108281.818181818,411478.787878788,273860.606060606,424175.757575757,Paid
TXN108,2025-04-18,Furniture,East,427206.06060606,239139.393939394,51472.7272727273,27539.393939394,109054.545454545,414430.303030303,275784.848484848,427206.06060606,Paid
TXN109,2025-04-19,Clothing,South,430236.363636363,240836.363636363,51836.3636363637,27736.3636363637,109827.272727273,417381.818181819,277709.090909091,430236.363636363,Paid
TXN110,2025-04-20,Electronics,North,433266.666666666,242533.333333333,52200.0000000001,27933.3333333334,110600.0,420333.333333334,279633.333333333,433266.666666666,Paid
TXN111,2025-04-21,Electronics,South,436296.969696969,244230.303030303,52563.6363636364,28130.3030303031,111372.727272727,423284.848484849,281557.575757576,436296.969696969,Paid
TXN112,2025-04-22,Furniture,North,439327.272727272,245927.272727272,52927.2727272728,28327.2727272728,112145.454545455,426236.363636364,283481.818181818,439327.272727272,Paid
TXN113,2025-04-23,Clothing,West,442357.575757575,247624.242424242,53290.9090909091,28524.2424242425,112918.181818182,429187.878787879,285406.060606061,442357.575757575,Paid
TXN114,2025-04-24,Electronics,East,445387.878787878,249321.212121212,53654.5454545455,28721.2121212122,113690.909090909,432139.393939394,287330.303030303,445387.878787878,Paid
TXN115,2025-04-25,Furniture,South,448418.181818182,251018.181818182,54018.1818181819,28918.1818181819,114463.636363636,435090.909090909,289254.545454545,448418.181818182,Paid
TXN116,2025-04-26,Clothing,North,451448.484848485,252715.151515151,54381.8181818182,29115.1515151516,115236.363636364,438042.424242425,291178.787878788,451448.484848485,Paid
TXN117,2025-04-27,Electronics,West,454478.787878788,254412.121212121,54745.4545454546,29312.1212121212,116009.090909091,440993.93939394,293103.03030303,454478.787878788,Paid
TXN118,2025-04-28,Furniture,East,457509.090909091,256109.090909091,55109.090909091,29509.0909090909,116781.818181818,443945.454545455,295027.272727273,457509.090909091,Paid
TXN119,2025-04-29,Clothing,South,460539.393939394,257806.06060606,55472.7272727273,29706.0606060606,117554.545454545,446896.96969697,296951.515151515,460539.393939394,Paid
TXN120,2025-04-30,Electronics,North,463569.696969697,259503.03030303,55836.3636363637,29903.0303030303,118327.272727273,449848.484848485,298875.757575758,463569.696969697,Paid
TXN121,2025-05-01,Electronics,South,466600.0,261200.0,56200.0000000001,30100.0,119100.0,452800.0,300800.0,466600.0,Paid
TXN122,2025-05-02,Furniture,North,469630.303030303,262896.969696969,56563.6363636364,30296.9696969697,119872.727272727,455751.515151515,302724.242424242,469630.303030303,Paid
TXN123,2025-05-03,Clothing,West,472660.606060606,264593.939393939,56927.2727272728,30493.9393939394,120645.454545455,458703.030303031,304648.484848485,472660.606060606,Paid
TXN124,2025-05-04,Electronics,East,475690.909090909,266290.909090909,57290.9090909092,30690.9090909091,121418.181818182,461654.545454546,306572.727272727,475690.909090909,Paid
TXN125,2025-05-05,Furniture,South,478721.212121212,267987.878787879,57654.5454545455,30887.8787878788,122190.909090909,464606.060606061,308496.96969697,478721.212121212,Paid
TXN126,2025-05-06,Clothing,North,481751.515151515,269684.848484848,58018.1818181819,31084.8484848485,122963.636363636,467557.575757576,310421.212121212,481751.515151515,Paid
TXN127,2025-05-07,Electronics,West,484781.818181818,271381.818181818,58381.8181818182,31281.8181818182,123736.363636364,470509.090909091,312345.454545455,484781.818181818,Paid
TXN128,2025-05-08,Furniture,East,487812.121212121,273078.787878788,58745.4545454546,31478.7878787879,124509.090909091,473460.606060606,314269.696969697,487812.121212121,Paid
TXN129,2025-05-09,Clothing,South,490842.424242424,274775.757575757,59109.090909091,31675.7575757576,125281.818181818,476412.121212122,316193.939393939,490842.424242424,Paid
TXN130,2025-05-10,Electronics,North,493872.727272727,276472.727272727,59472.7272727273,31872.7272727273,126054.545454545,479363.636363637,318118.181818182,493872.727272727,Paid
TXN131,2025-05-11,Electronics,South,496903.03030303,278169.696969697,59836.3636363637,32069.696969697,126827.272727272,482315.151515152,320042.424242424,496903.03030303,Paid
TXN132,2025-05-12,Furniture,North,499933.333333333,279866.666666666,60200.0000000001,32266.6666666667,127600.0,485266.666666667,321966.666666667,499933.333333333,Paid
TXN133,2025-05-13,Clothing,West,502963.636363636,281563.636363636,60563.6363636364,32463.6363636364,128372.727272727,488218.181818182,323890.909090909,502963.636363636,Paid
TXN134,2025-05-14,Electronics,East,505993.939393939,283260.606060606,60927.2727272728,32660.6060606061,129145.454545454,491169.696969697,325815.151515152,505993.939393939,Paid
TXN135,2025-05-15,Furniture,South,509024.242424242,284957.575757575,61290.9090909092,32857.5757575758,129918.181818182,494121.212121213,327739.393939394,509024.242424242,Paid
TXN136,2025-05-16,Clothing,North,512054.545454545,286654.545454545,61654.5454545455,33054.5454545455,130690.909090909,497072.727272728,329663.636363636,512054.545454545,Paid
TXN137,2025-05-17,Electronics,West,515084.848484848,288351.515151515,62018.1818181819,33251.5151515152,131463.636363636,500024.242424243,331587.878787879,515084.848484848,Paid
TXN138,2025-05-18,Furniture,East,518115.151515151,290048.484848485,62381.8181818182,33448.4848484849,132236.363636363,502975.757575758,333512.121212121,518115.151515151,Paid
TXN139,2025-05-19,Clothing,South,521145.454545454,291745.454545454,62745.4545454546,33645.4545454546,133009.090909091,505927.272727273,335436.363636364,521145.454545454,Paid
TXN140,2025-05-20,Electronics,North,524175.757575757,293442.424242424,63109.090909091,33842.4242424243,133781.818181818,508878.787878788,337360.606060606,524175.757575757,Paid
TXN141,2025-05-21,Electronics,South,527206.06060606,295139.393939394,63472.7272727273,34039.393939394,134554.545454545,511830.303030303,339284.848484849,527206.06060606,Paid
TXN142,2025-05-22,Furniture,North,530236.363636363,296836.363636363,63836.3636363637,34236.3636363637,135327.272727272,514781.818181819,341209.090909091,530236.363636363,Paid
TXN143,2025-05-23,Clothing,West,533266.666666666,298533.333333333,64200.0000000001,34433.3333333334,136100.0,517733.333333334,343133.333333333,533266.666666666,Paid
TXN144,2025-05-24,Electronics,East,536296.969696969,300230.303030303,64563.6363636364,34630.3030303031,136872.727272727,520684.848484849,345057.575757576,536296.969696969,Paid
TXN145,2025-05-25,Furniture,South,539327.272727272,301927.272727272,64927.2727272728,34827.2727272728,137645.454545454,523636.363636364,346981.818181818,539327.272727272,Paid
TXN146,2025-05-26,Clothing,North,542357.575757576,303624.242424242,65290.9090909092,35024.2424242425,138418.181818182,526587.878787879,348906.060606061,542357.575757576,Paid
TXN147,2025-05-27,Electronics,West,545387.878787878,305321.212121212,65654.5454545455,35221.2121212122,139190.909090909,529539.393939394,350830.303030303,545387.878787878,Paid
TXN148,2025-05-28,Furniture,East,548418.181818182,307018.181818182,66018.1818181819,35418.1818181819,139963.636363636,532490.909090909,352754.545454545,548418.181818182,Paid
TXN149,2025-05-29,Clothing,South,551448.484848485,308715.151515151,66381.8181818183,35615.1515151516,140736.363636363,535442.424242425,354678.787878788,551448.484848485,Paid
TXN150,2025-05-30,Electronics,North,554478.787878788,310412.121212121,66745.4545454546,35812.1212121212,141509.090909091,538393.93939394,356603.03030303,554478.787878788,Paid
TXN151,2025-05-31,Electronics,South,557509.090909091,312109.090909091,67109.090909091,36009.0909090909,142281.818181818,541345.454545455,358527.272727273,557509.090909091,Paid
TXN152,2025-06-01,Furniture,North,560539.393939394,313806.06060606,67472.7272727273,36206.0606060606,143054.545454545,544296.96969697,360451.515151515,560539.393939394,Paid
TXN153,2025-06-02,Clothing,West,563569.696969697,315503.03030303,67836.3636363637,36403.0303030303,143827.272727272,547248.484848485,362375.757575758,563569.696969697,Paid
TXN154,2025-06-03,Electronics,East,566600.0,317200.0,68200.0000000001,36600.0,144600.0,550200.0,364300.0,566600.0,Paid
TXN155,2025-06-04,Furniture,South,569630.303030303,318896.969696969,68563.6363636364,36796.9696969697,145372.727272727,553151.515151516,366224.242424242,569630.303030303,Paid
TXN156,2025-06-05,Clothing,North,572660.606060606,320593.939393939,68927.2727272728,36993.9393939394,146145.454545454,556103.030303031,368148.484848485,572660.606060606,Paid
TXN157,2025-06-06,Electronics,West,575690.909090909,322290.909090909,69290.9090909092,37190.9090909091,146918.181818182,559054.545454546,370072.727272727,575690.909090909,Paid
TXN158,2025-06-07,Furniture,East,578721.212121212,323987.878787879,69654.5454545455,37387.8787878788,147690.909090909,562006.060606061,371996.96969697,578721.212121212,Paid
TXN159,2025-06-08,Clothing,South,581751.515151515,325684.848484848,70018.1818181819,37584.8484848485,148463.636363636,564957.575757576,373921.212121212,581751.515151515,Paid
TXN160,2025-06-09,Electronics,North,584781.818181818,327381.818181818,70381.8181818183,37781.8181818182,149236.363636363,567909.090909091,375845.454545455,584781.818181818,Paid
TXN161,2025-06-10,Electronics,South,587812.121212121,329078.787878788,70745.4545454546,37978.7878787879,150009.090909091,570860.606060606,377769.696969697,587812.121212121,Paid
TXN162,2025-06-11,Furniture,North,590842.424242424,330775.757575757,71109.090909091,38175.7575757576,150781.818181818,573812.121212122,379693.939393939,590842.424242424,Paid
TXN163,2025-06-12,Clothing,West,593872.727272727,332472.727272727,71472.7272727273,38372.7272727273,151554.545454545,576763.636363637,381618.181818182,593872.727272727,Paid
TXN164,2025-06-13,Electronics,East,596903.03030303,334169.696969697,71836.3636363637,38569.696969697,152327.272727272,579715.151515152,383542.424242424,596903.03030303,Paid
TXN165,2025-06-14,Furniture,South,599933.333333333,335866.666666666,72200.0000000001,38766.6666666667,153100.0,582666.666666667,385466.666666667,599933.333333333,Paid
TXN166,2025-06-15,Clothing,North,602963.636363636,337563.636363636,72563.6363636364,38963.6363636364,153872.727272727,585618.181818182,387390.909090909,602963.636363636,Paid
TXN167,2025-06-16,Electronics,West,605993.939393939,339260.606060606,72927.2727272728,39160.6060606061,154645.454545454,588569.696969697,389315.151515152,605993.939393939,Paid
TXN168,2025-06-17,Furniture,East,609024.242424242,340957.575757576,73290.9090909092,39357.5757575758,155418.181818182,591521.212121213,391239.393939394,609024.242424242,Paid
TXN169,2025-06-18,Clothing,South,612054.545454545,342654.545454545,73654.5454545455,39554.5454545455,156190.909090909,594472.727272728,393163.636363636,612054.545454545,Paid
TXN170,2025-06-19,Electronics,North,615084.848484848,344351.515151515,74018.1818181819,39751.5151515152,156963.636363636,597424.242424243,395087.878787879,615084.848484848,Paid
TXN171,2025-06-20,Electronics,South,618115.151515151,346048.484848485,74381.8181818183,39948.4848484849,157736.363636363,600375.757575758,397012.121212121,618115.151515151,Paid
TXN172,2025-06-21,Furniture,North,621145.454545454,347745.454545454,74745.4545454546,40145.4545454546,158509.090909091,603327.272727273,398936.363636364,621145.454545454,Paid
TXN173,2025-06-22,Clothing,West,624175.757575757,349442.424242424,75109.090909091,40342.4242424243,159281.818181818,606278.787878788,400860.606060606,624175.757575757,Paid
TXN174,2025-06-23,Electronics,East,627206.06060606,351139.393939394,75472.7272727273,40539.393939394,160054.545454545,609230.303030303,402784.848484849,627206.06060606,Paid
TXN175,2025-06-24,Furniture,South,630236.363636363,352836.363636363,75836.3636363637,40736.3636363637,160827.272727272,612181.818181819,404709.090909091,630236.363636363,Paid
TXN176,2025-06-25,Clothing,North,633266.666666666,354533.333333333,76200.0000000001,40933.3333333334,161600.0,615133.333333334,406633.333333333,633266.666666666,Paid
TXN177,2025-06-26,Electronics,West,636296.969696969,356230.303030303,76563.6363636364,41130.3030303031,162372.727272727,618084.848484849,408557.575757576,636296.969696969,Paid
TXN178,2025-06-27,Furniture,East,639327.272727272,357927.272727272,76927.2727272728,41327.2727272728,163145.454545454,621036.363636364,410481.818181818,639327.272727272,Paid
TXN179,2025-06-28,Clothing,South,642357.575757575,359624.242424242,77290.9090909092,41524.2424242425,163918.181818182,623987.878787879,412406.060606061,642357.575757575,Paid
TXN180,2025-06-29,Electronics,North,645387.878787879,361321.212121212,77654.5454545455,41721.2121212122,164690.909090909,626939.393939394,414330.303030303,645387.878787879,Paid
TXN181,2025-06-30,Electronics,South,648418.181818182,363018.181818182,78018.1818181819,41918.1818181819,165463.636363636,629890.90909091,416254.545454546,648418.181818182,Paid
TXN182,2025-07-01,Furniture,North,651448.484848485,364715.151515151,78381.8181818183,42115.1515151516,166236.363636363,632842.424242425,418178.787878788,651448.484848485,Paid
TXN183,2025-07-02,Clothing,West,654478.787878788,366412.121212121,78745.4545454546,42312.1212121212,167009.090909091,635793.93939394,420103.03030303,654478.787878788,Paid
TXN184,2025-07-03,Electronics,East,657509.090909091,368109.090909091,79109.090909091,42509.0909090909,167781.818181818,638745.454545455,422027.272727273,657509.090909091,Paid
TXN185,2025-07-04,Furniture,South,660539.393939394,369806.06060606,79472.7272727274,42706.0606060606,168554.545454545,641696.96969697,423951.515151515,660539.393939394,Paid
TXN186,2025-07-05,Clothing,North,663569.696969697,371503.03030303,79836.3636363637,42903.0303030303,169327.272727272,644648.484848485,425875.757575758,663569.696969697,Paid
TXN187,2025-07-06,Electronics,West,666600.0,373200.0,80200.0000000001,43100.0,170100.0,647600.0,427800.0,666600.0,Paid
TXN188,2025-07-07,Furniture,East,669630.303030303,374896.969696969,80563.6363636364,43296.9696969697,170872.727272727,650551.515151516,429724.242424242,669630.303030303,Paid
TXN189,2025-07-08,Clothing,South,672660.606060606,376593.939393939,80927.2727272728,43493.9393939394,171645.454545454,653503.030303031,431648.484848485,672660.606060606,Paid
TXN190,2025-07-09,Electronics,North,675690.909090909,378290.909090909,81290.9090909092,43690.9090909091,172418.181818182,656454.545454546,433572.727272727,675690.909090909,Paid
TXN191,2025-07-10,Electronics,South,678721.212121212,379987.878787879,81654.5454545455,43887.8787878788,173190.909090909,659406.060606061,435496.96969697,678721.212121212,Paid
TXN192,2025-07-11,Furniture,North,681751.515151515,381684.848484848,82018.1818181819,44084.8484848485,173963.636363636,662357.575757576,437421.212121212,681751.515151515,Paid
TXN193,2025-07-12,Clothing,West,684781.818181818,383381.818181818,82381.8181818183,44281.8181818182,174736.363636363,665309.090909091,439345.454545455,684781.818181818,Paid
TXN194,2025-07-13,Electronics,East,687812.121212121,385078.787878788,82745.4545454546,44478.7878787879,175509.090909091,668260.606060607,441269.696969697,687812.121212121,Paid
TXN195,2025-07-14,Furniture,South,690842.424242424,386775.757575757,83109.090909091,44675.7575757576,176281.818181818,671212.121212122,443193.93939394,690842.424242424,Paid
TXN196,2025-07-15,Clothing,North,693872.727272727,388472.727272727,83472.7272727274,44872.7272727273,177054.545454545,674163.636363637,445118.181818182,693872.727272727,Paid
TXN197,2025-07-16,Electronics,West,696903.03030303,390169.696969697,83836.3636363637,45069.696969697,177827.272727272,677115.151515152,447042.424242424,696903.03030303,Paid
TXN198,2025-07-17,Furniture,East,699933.333333333,391866.666666666,84200.0000000001,45266.6666666667,178600.0,680066.666666667,448966.666666667,699933.333333333,Paid
TXN199,2025-07-18,Clothing,South,702963.636363636,393563.636363636,84563.6363636364,45463.6363636364,179372.727272727,683018.181818182,450890.909090909,702963.636363636,Paid
TXN200,2025-07-19,Electronics,North,705993.939393939,395260.606060606,84927.2727272728,45660.6060606061,180145.454545454,685969.696969697,452815.151515152,705993.939393939,Paid
TXN201,2025-07-20,Electronics,South,709024.242424242,396957.575757576,85290.9090909092,45857.5757575758,180918.181818182,688921.212121213,454739.393939394,709024.242424242,Paid
TXN202,2025-07-21,Furniture,North,712054.545454545,398654.545454545,85654.5454545455,46054.5454545455,181690.909090909,691872.727272728,456663.636363636,712054.545454545,Paid
TXN203,2025-07-22,Clothing,West,715084.848484848,400351.515151515,86018.1818181819,46251.5151515152,182463.636363636,694824.242424243,458587.878787879,715084.848484848,Paid
TXN204,2025-07-23,Electronics,East,718115.151515151,402048.484848485,86381.8181818183,46448.4848484849,183236.363636363,697775.757575758,460512.121212121,718115.151515151,Paid
TXN205,2025-07-24,Furniture,South,721145.454545454,403745.454545454,86745.4545454546,46645.4545454546,184009.090909091,700727.272727273,462436.363636364,721145.454545454,Paid
TXN206,2025-07-25,Electronics,South,724175.757575757,405442.424242424,87109.0909090909,46842.4242424243,184781.818181818,703678.787878788,464360.606060606,724175.757575757,Paid
TXN207,2025-07-26,Furniture,North,727206.06060606,407139.393939394,87472.7272727273,47039.393939394,185554.545454545,706630.303030303,466284.848484848,727206.06060606,Paid
TXN208,2025-07-27,Clothing,West,730236.363636363,408836.363636363,87836.3636363637,47236.3636363637,186327.272727273,709581.818181818,468209.090909091,730236.363636363,Paid
TXN209,2025-07-28,Electronics,East,733266.666666666,410533.333333333,88200.0,47433.3333333334,187100.0,712533.333333334,470133.333333333,733266.666666666,Paid
TXN210,2025-07-29,Furniture,South,736296.969696969,412230.303030303,88563.6363636364,47630.3030303031,187872.727272727,715484.848484849,472057.575757576,736296.969696969,Paid
TXN211,2025-07-30,Clothing,North,739327.272727272,413927.272727272,88927.2727272728,47827.2727272728,188645.454545455,718436.363636364,473981.818181818,739327.272727272,Paid
TXN212,2025-07-31,Electronics,West,742357.575757576,415624.242424242,89290.9090909091,48024.2424242425,189418.181818182,721387.878787879,475906.06060606,742357.575757576,Paid
TXN213,2025-08-01,Furniture,East,745387.878787879,417321.212121212,89654.5454545455,48221.2121212122,190190.909090909,724339.393939394,477830.303030303,745387.878787879,Paid
TXN214,2025-08-02,Clothing,South,748418.181818181,419018.181818181,90018.1818181818,48418.1818181819,190963.636363636,727290.909090909,479754.545454545,748418.181818181,Paid
TXN215,2025-08-03,Electronics,North,751448.484848485,420715.151515151,90381.8181818182,48615.1515151516,191736.363636364,730242.424242425,481678.787878788,751448.484848485,Paid
TXN216,2025-08-04,Electronics,South,754478.787878788,422412.121212121,90745.4545454546,48812.1212121213,192509.090909091,733193.93939394,483603.03030303,754478.787878788,Paid
TXN217,2025-08-05,Furniture,North,757509.090909091,424109.09090909,91109.0909090909,49009.090909091,193281.818181818,736145.454545455,485527.272727272,757509.090909091,Paid
TXN218,2025-08-06,Clothing,West,760539.393939394,425806.06060606,91472.7272727273,49206.0606060607,194054.545454545,739096.96969697,487451.515151515,760539.393939394,Paid
TXN219,2025-08-07,Electronics,East,763569.696969697,427503.03030303,91836.3636363637,49403.0303030304,194827.272727273,742048.484848485,489375.757575757,763569.696969697,Paid
TXN220,2025-08-08,Furniture,South,766600.0,429200.0,92200.0,49600.0000000001,195600.0,745000.0,491300.0,766600.0,Paid
TXN221,2025-08-09,Clothing,North,769630.303030303,430896.969696969,92563.6363636364,49796.9696969698,196372.727272727,747951.515151515,493224.242424242,769630.303030303,Paid
TXN222,2025-08-10,Electronics,West,772660.606060606,432593.939393939,92927.2727272728,49993.9393939394,197145.454545455,750903.030303031,495148.484848485,772660.606060606,Paid
TXN223,2025-08-11,Furniture,East,775690.909090909,434290.909090909,93290.9090909091,50190.9090909091,197918.181818182,753854.545454546,497072.727272727,775690.909090909,Paid
TXN224,2025-08-12,Clothing,South,778721.212121212,435987.878787878,93654.5454545455,50387.8787878788,198690.909090909,756806.060606061,498996.969696969,778721.212121212,Paid
TXN225,2025-08-13,Electronics,North,781751.515151515,437684.848484848,94018.1818181818,50584.8484848485,199463.636363636,759757.575757576,500921.212121212,781751.515151515,Paid
TXN226,2025-08-14,Electronics,South,784781.818181818,439381.818181818,94381.8181818182,50781.8181818182,200236.363636364,762709.090909091,502845.454545454,784781.818181818,Paid
TXN227,2025-08-15,Furniture,North,787812.121212121,441078.787878787,94745.4545454546,50978.7878787879,201009.090909091,765660.606060606,504769.696969697,787812.121212121,Paid
TXN228,2025-08-16,Clothing,West,790842.424242424,442775.757575757,95109.0909090909,51175.7575757576,201781.818181818,768612.121212121,506693.939393939,790842.424242424,Paid
TXN229,2025-08-17,Electronics,East,793872.727272727,444472.727272727,95472.7272727273,51372.7272727273,202554.545454545,771563.636363637,508618.181818182,793872.727272727,Paid
TXN230,2025-08-18,Furniture,South,796903.03030303,446169.696969696,95836.3636363637,51569.696969697,203327.272727273,774515.151515152,510542.424242424,796903.03030303,Paid
TXN231,2025-08-19,Clothing,North,799933.333333333,447866.666666666,96200.0,51766.6666666667,204100.0,777466.666666667,512466.666666666,799933.333333333,Paid
TXN232,2025-08-20,Electronics,West,802963.636363636,449563.636363636,96563.6363636364,51963.6363636364,204872.727272727,780418.181818182,514390.909090909,802963.636363636,Paid
TXN233,2025-08-21,Furniture,East,805993.939393939,451260.606060606,96927.2727272728,52160.6060606061,205645.454545455,783369.696969697,516315.151515151,805993.939393939,Paid
TXN234,2025-08-22,Clothing,South,809024.242424242,452957.575757575,97290.9090909091,52357.5757575758,206418.181818182,786321.212121212,518239.393939394,809024.242424242,Paid
TXN235,2025-08-23,Electronics,North,812054.545454545,454654.545454545,97654.5454545455,52554.5454545455,207190.909090909,789272.727272728,520163.636363636,812054.545454545,Paid
TXN236,2025-08-24,Electronics,South,815084.848484848,456351.515151515,98018.1818181818,52751.5151515152,207963.636363636,792224.242424243,522087.878787879,815084.848484848,Paid
TXN237,2025-08-25,Furniture,North,818115.151515151,458048.484848484,98381.8181818182,52948.4848484849,208736.363636364,795175.757575758,524012.121212121,818115.151515151,Paid
TXN238,2025-08-26,Clothing,West,821145.454545454,459745.454545454,98745.4545454546,53145.4545454546,209509.090909091,798127.272727273,525936.363636363,821145.454545454,Paid
TXN239,2025-08-27,Electronics,East,824175.757575757,461442.424242424,99109.0909090909,53342.4242424243,210281.818181818,801078.787878788,527860.606060606,824175.757575757,Paid
TXN240,2025-08-28,Furniture,South,827206.06060606,463139.393939393,99472.7272727273,53539.393939394,211054.545454545,804030.303030303,529784.848484848,827206.06060606,Paid
TXN241,2025-08-29,Clothing,North,830236.363636363,464836.363636363,99836.3636363637,53736.3636363637,211827.272727273,806981.818181818,531709.090909091,830236.363636363,Paid
TXN242,2025-08-30,Electronics,West,833266.666666666,466533.333333333,100200.0,53933.3333333334,212600.0,809933.333333334,533633.333333333,833266.666666666,Paid
TXN243,2025-08-31,Furniture,East,836296.969696969,468230.303030303,100563.636363636,54130.3030303031,213372.727272727,812884.848484849,535557.575757576,836296.969696969,Paid
TXN244,2025-09-01,Clothing,South,839327.272727272,469927.272727272,100927.272727273,54327.2727272728,214145.454545455,815836.363636364,537481.818181818,839327.272727272,Paid
TXN245,2025-09-02,Electronics,North,842357.575757575,471624.242424242,101290.909090909,54524.2424242425,214918.181818182,818787.878787879,539406.06060606,842357.575757575,Paid
TXN246,2025-09-03,Electronics,South,845387.878787878,473321.212121212,101654.545454546,54721.2121212122,215690.909090909,821739.393939394,541330.303030303,845387.878787878,Paid
TXN247,2025-09-04,Furniture,North,848418.181818181,475018.181818181,102018.181818182,54918.1818181819,216463.636363636,824690.909090909,543254.545454545,848418.181818181,Paid
TXN248,2025-09-05,Clothing,West,851448.484848484,476715.151515151,102381.818181818,55115.1515151516,217236.363636364,827642.424242425,545178.787878788,851448.484848484,Paid
TXN249,2025-09-06,Electronics,East,854478.787878787,478412.121212121,102745.454545455,55312.1212121213,218009.090909091,830593.93939394,547103.03030303,854478.787878787,Paid
TXN250,2025-09-07,Furniture,South,857509.09090909,480109.09090909,103109.090909091,55509.090909091,218781.818181818,833545.454545455,549027.272727272,857509.09090909,Paid
TXN251,2025-09-08,Clothing,North,860539.393939394,481806.06060606,103472.727272727,55706.0606060607,219554.545454545,836496.96969697,550951.515151515,860539.393939394,Paid
TXN252,2025-09-09,Electronics,West,863569.696969697,483503.03030303,103836.363636364,55903.0303030304,220327.272727273,839448.484848485,552875.757575757,863569.696969697,Paid
TXN253,2025-09-10,Furniture,East,866599.999999999,485200.0,104200.0,56100.0000000001,221100.0,842400.0,554800.0,866599.999999999,Paid
TXN254,2025-09-11,Clothing,South,869630.303030303,486896.969696969,104563.636363636,56296.9696969698,221872.727272727,845351.515151515,556724.242424242,869630.303030303,Paid
TXN255,2025-09-12,Electronics,North,872660.606060606,488593.939393939,104927.272727273,56493.9393939395,222645.454545455,848303.030303031,558648.484848485,872660.606060606,Paid
TXN256,2025-09-13,Electronics,South,875690.909090909,490290.909090909,105290.909090909,56690.9090909091,223418.181818182,851254.545454546,560572.727272727,875690.909090909,Paid
TXN257,2025-09-14,Furniture,North,878721.212121212,491987.878787878,105654.545454546,56887.8787878788,224190.909090909,854206.060606061,562496.969696969,878721.212121212,Paid
TXN258,2025-09-15,Clothing,West,881751.515151515,493684.848484848,106018.181818182,57084.8484848485,224963.636363636,857157.575757576,564421.212121212,881751.515151515,Paid
TXN259,2025-09-16,Electronics,East,884781.818181818,495381.818181818,106381.818181818,57281.8181818182,225736.363636364,860109.090909091,566345.454545454,884781.818181818,Paid
TXN260,2025-09-17,Furniture,South,887812.121212121,497078.787878787,106745.454545455,57478.7878787879,226509.090909091,863060.606060606,568269.696969697,887812.121212121,Paid
TXN261,2025-09-18,Clothing,North,890842.424242424,498775.757575757,107109.090909091,57675.7575757576,227281.818181818,866012.121212121,570193.939393939,890842.424242424,Paid
TXN262,2025-09-19,Electronics,West,893872.727272727,500472.727272727,107472.727272727,57872.7272727273,228054.545454545,868963.636363637,572118.181818182,893872.727272727,Paid
TXN263,2025-09-20,Furniture,East,896903.03030303,502169.696969696,107836.363636364,58069.696969697,228827.272727273,871915.151515152,574042.424242424,896903.03030303,Paid
TXN264,2025-09-21,Clothing,South,899933.333333333,503866.666666666,108200.0,58266.6666666667,229600.0,874866.666666667,575966.666666666,899933.333333333,Paid
TXN265,2025-09-22,Electronics,North,902963.636363636,505563.636363636,108563.636363636,58463.6363636364,230372.727272727,877818.181818182,577890.909090909,902963.636363636,Paid
TXN266,2025-09-23,Electronics,South,905993.939393939,507260.606060606,108927.272727273,58660.6060606061,231145.454545455,880769.696969697,579815.151515151,905993.939393939,Paid
TXN267,2025-09-24,Furniture,North,909024.242424242,508957.575757575,109290.909090909,58857.5757575758,231918.181818182,883721.212121212,581739.393939394,909024.242424242,Paid
TXN268,2025-09-25,Clothing,West,912054.545454545,510654.545454545,109654.545454546,59054.5454545455,232690.909090909,886672.727272728,583663.636363636,912054.545454545,Paid
TXN269,2025-09-26,Electronics,East,915084.848484848,512351.515151515,110018.181818182,59251.5151515152,233463.636363636,889624.242424243,585587.878787878,915084.848484848,Paid
TXN270,2025-09-27,Furniture,South,918115.151515151,514048.484848484,110381.818181818,59448.4848484849,234236.363636364,892575.757575758,587512.121212121,918115.151515151,Paid
TXN271,2025-09-28,Clothing,North,921145.454545454,515745.454545454,110745.454545455,59645.4545454546,235009.090909091,895527.272727273,589436.363636363,921145.454545454,Paid
TXN272,2025-09-29,Electronics,West,924175.757575757,517442.424242424,111109.090909091,59842.4242424243,235781.818181818,898478.787878788,591360.606060606,924175.757575757,Paid
TXN273,2025-09-30,Furniture,East,927206.06060606,519139.393939393,111472.727272727,60039.393939394,236554.545454545,901430.303030303,593284.848484848,927206.06060606,Paid
TXN274,2025-10-01,Clothing,South,930236.363636363,520836.363636363,111836.363636364,60236.3636363637,237327.272727273,904381.818181818,595209.090909091,930236.363636363,Paid
TXN275,2025-10-02,Electronics,North,933266.666666666,522533.333333333,112200.0,60433.3333333334,238100.0,907333.333333334,597133.333333333,933266.666666666,Paid
TXN276,2025-10-03,Electronics,South,936296.969696969,524230.303030303,112563.636363636,60630.3030303031,238872.727272727,910284.848484849,599057.575757576,936296.969696969,Paid
TXN277,2025-10-04,Furniture,North,939327.272727272,525927.272727272,112927.272727272,60827.2727272728,239645.454545455,913236.363636364,600981.818181818,939327.272727272,Paid
TXN278,2025-10-05,Clothing,West,942357.575757575,527624.242424242,113290.909090909,61024.2424242425,240418.181818182,916187.878787879,602906.06060606,942357.575757575,Paid
TXN279,2025-10-06,Electronics,East,945387.878787878,529321.212121212,113654.545454545,61221.2121212122,241190.909090909,919139.393939394,604830.303030303,945387.878787878,Paid
TXN280,2025-10-07,Furniture,South,948418.181818181,531018.181818181,114018.181818181,61418.1818181819,241963.636363636,922090.909090909,606754.545454545,948418.181818181,Paid
TXN281,2025-10-08,Clothing,North,951448.484848484,532715.151515151,114381.818181818,61615.1515151516,242736.363636364,925042.424242425,608678.787878788,951448.484848484,Paid
TXN282,2025-10-09,Electronics,West,954478.787878787,534412.121212121,114745.454545454,61812.1212121213,243509.090909091,927993.93939394,610603.03030303,954478.787878787,Paid
TXN283,2025-10-10,Furniture,East,957509.09090909,536109.09090909,115109.090909091,62009.090909091,244281.818181818,930945.454545455,612527.272727272,957509.09090909,Paid
TXN284,2025-10-11,Clothing,South,960539.393939393,537806.06060606,115472.727272727,62206.0606060607,245054.545454545,933896.96969697,614451.515151515,960539.393939393,Paid
TXN285,2025-10-12,Electronics,North,963569.696969696,539503.03030303,115836.363636363,62403.0303030304,245827.272727273,936848.484848485,616375.757575757,963569.696969696,Paid
TXN286,2025-10-13,Electronics,South,966599.999999999,541200.0,116200.0,62600.0000000001,246600.0,939800.0,618300.0,966599.999999999,Paid
TXN287,2025-10-14,Furniture,North,969630.303030302,542896.969696969,116563.636363636,62796.9696969698,247372.727272727,942751.515151515,620224.242424242,969630.303030302,Paid
TXN288,2025-10-15,Clothing,West,972660.606060605,544593.939393939,116927.272727272,62993.9393939395,248145.454545454,945703.030303031,622148.484848485,972660.606060605,Paid
TXN289,2025-10-16,Electronics,East,975690.909090908,546290.909090909,117290.909090909,63190.9090909091,248918.181818182,948654.545454546,624072.727272727,975690.909090908,Paid
TXN290,2025-10-17,Furniture,South,978721.212121212,547987.878787878,117654.545454545,63387.8787878788,249690.909090909,951606.060606061,625996.969696969,978721.212121212,Paid
TXN291,2025-10-18,Clothing,North,981751.515151515,549684.848484848,118018.181818181,63584.8484848485,250463.636363636,954557.575757576,627921.212121212,981751.515151515,Paid
TXN292,2025-10-19,Electronics,West,984781.818181818,551381.818181818,118381.818181818,63781.8181818182,251236.363636364,957509.090909091,629845.454545454,984781.818181818,Paid
TXN293,2025-10-20,Furniture,East,987812.121212121,553078.787878787,118745.454545454,63978.7878787879,252009.090909091,960460.606060606,631769.696969697,987812.121212121,Paid
TXN294,2025-10-21,Clothing,South,990842.424242424,554775.757575757,119109.090909091,64175.7575757576,252781.818181818,963412.121212122,633693.939393939,990842.424242424,Paid
TXN295,2025-10-22,Electronics,North,993872.727272727,556472.727272727,119472.727272727,64372.7272727273,253554.545454545,966363.636363637,635618.181818181,993872.727272727,Paid
TXN296,2025-10-23,Electronics,South,996903.03030303,558169.696969696,119836.363636363,64569.696969697,254327.272727273,969315.151515152,637542.424242424,996903.03030303,Paid
TXN297,2025-10-24,Furniture,North,999933.333333333,559866.666666666,120200.0,64766.6666666667,255100.0,972266.666666667,639466.666666666,999933.333333333,Paid
TXN298,2025-10-25,Clothing,West,1002963.63636364,561563.636363636,120563.636363636,64963.6363636364,255872.727272727,975218.181818182,641390.909090909,1002963.63636364,Paid
TXN299,2025-10-26,Electronics,East,1005993.93939394,563260.606060606,120927.272727272,65160.6060606061,256645.454545454,978169.696969697,643315.151515151,1005993.93939394,Paid
TXN300,2025-10-27,Furniture,South,1009024.24242424,564957.575757575,121290.909090909,65357.5757575758,257418.181818182,981121.212121212,645239.393939394,1009024.24242424,Paid
TXN301,2025-10-28,Clothing,North,1012054.54545454,566654.545454545,121654.545454545,65554.5454545455,258190.909090909,984072.727272728,647163.636363636,1012054.54545454,Paid
TXN302,2025-10-29,Electronics,West,1015084.84848485,568351.515151515,122018.181818181,65751.5151515152,258963.636363636,987024.242424243,649087.878787878,1015084.84848485,Paid
TXN303,2025-10-30,Furniture,East,1018115.15151515,570048.484848484,122381.818181818,65948.4848484849,259736.363636364,989975.757575758,651012.121212121,1018115.15151515,Paid
TXN304,2025-10-31,Clothing,South,1021145.45454545,571745.454545454,122745.454545454,66145.4545454546,260509.090909091,992927.272727273,652936.363636363,1021145.45454545,Paid
TXN305,2025-11-01,Electronics,North,1024175.75757576,573442.424242424,123109.090909091,66342.4242424243,261281.818181818,995878.787878788,654860.606060606,1024175.75757576,Paid
TXN306,2025-11-02,Electronics,South,1027206.06060606,575139.393939393,123472.727272727,66539.393939394,262054.545454545,998830.303030303,656784.848484848,1027206.06060606,Paid
TXN307,2025-11-03,Furniture,North,1030236.36363636,576836.363636363,123836.363636363,66736.3636363637,262827.272727273,1001781.81818182,658709.090909091,1030236.36363636,Paid
TXN308,2025-11-04,Clothing,West,1033266.66666667,578533.333333333,124200.0,66933.3333333334,263600.0,1004733.33333333,660633.333333333,1033266.66666667,Paid
TXN309,2025-11-05,Electronics,East,1036296.96969697,580230.303030303,124563.636363636,67130.3030303031,264372.727272727,1007684.84848485,662557.575757576,1036296.96969697,Paid
TXN310,2025-11-06,Furniture,South,1039327.27272727,581927.272727272,124927.272727272,67327.2727272728,265145.454545454,1010636.36363636,664481.818181818,1039327.27272727,Paid
TXN311,2025-11-07,Clothing,North,1042357.57575757,583624.242424242,125290.909090909,67524.2424242425,265918.181818182,1013587.87878788,666406.06060606,1042357.57575757,Paid
TXN312,2025-11-08,Electronics,West,1045387.87878788,585321.212121212,125654.545454545,67721.2121212122,266690.909090909,1016539.39393939,668330.303030303,1045387.87878788,Paid
TXN313,2025-11-09,Furniture,East,1048418.18181818,587018.181818181,126018.181818181,67918.1818181819,267463.636363636,1019490.90909091,670254.545454545,1048418.18181818,Paid
TXN314,2025-11-10,Clothing,South,1051448.48484848,588715.151515151,126381.818181818,68115.1515151516,268236.363636363,1022442.42424243,672178.787878788,1051448.48484848,Paid
TXN315,2025-11-11,Electronics,North,1054478.78787879,590412.121212121,126745.454545454,68312.1212121213,269009.090909091,1025393.93939394,674103.03030303,1054478.78787879,Paid
TXN316,2025-11-12,Electronics,South,1057509.09090909,592109.09090909,127109.090909091,68509.090909091,269781.818181818,1028345.45454546,676027.272727272,1057509.09090909,Paid
TXN317,2025-11-13,Furniture,North,1060539.39393939,593806.06060606,127472.727272727,68706.0606060607,270554.545454545,1031296.96969697,677951.515151515,1060539.39393939,Paid
TXN318,2025-11-14,Clothing,West,1063569.6969697,595503.03030303,127836.363636363,68903.0303030304,271327.272727273,1034248.48484849,679875.757575757,1063569.6969697,Paid
TXN319,2025-11-15,Electronics,East,1066600.0,597200.0,128200.0,69100.0000000001,272100.0,1037200.0,681800.0,1066600.0,Paid
TXN320,2025-11-16,Furniture,South,1069630.3030303,598896.969696969,128563.636363636,69296.9696969698,272872.727272727,1040151.51515152,683724.242424242,1069630.3030303,Paid
TXN321,2025-11-17,Clothing,North,1072660.6060606,600593.939393939,128927.272727272,69493.9393939395,273645.454545454,1043103.03030303,685648.484848485,1072660.6060606,Paid
TXN322,2025-11-18,Electronics,West,1075690.90909091,602290.909090909,129290.909090909,69690.9090909092,274418.181818182,1046054.54545455,687572.727272727,1075690.90909091,Paid
TXN323,2025-11-19,Furniture,East,1078721.21212121,603987.878787878,129654.545454545,69887.8787878789,275190.909090909,1049006.06060606,689496.969696969,1078721.21212121,Paid
TXN324,2025-11-20,Clothing,South,1081751.51515151,605684.848484848,130018.181818181,70084.8484848485,275963.636363636,1051957.57575758,691421.212121212,1081751.51515151,Paid
TXN325,2025-11-21,Electronics,North,1084781.81818182,607381.818181818,130381.818181818,70281.8181818182,276736.363636363,1054909.09090909,693345.454545454,1084781.81818182,Paid
TXN326,2025-11-22,Electronics,South,1087812.12121212,609078.787878787,130745.454545454,70478.7878787879,277509.090909091,1057860.60606061,695269.696969697,1087812.12121212,Paid
TXN327,2025-11-23,Furniture,North,1090842.42424242,610775.757575757,131109.090909091,70675.7575757576,278281.818181818,1060812.12121212,697193.939393939,1090842.42424242,Paid
TXN328,2025-11-24,Clothing,West,1093872.72727273,612472.727272727,131472.727272727,70872.7272727273,279054.545454545,1063763.63636364,699118.181818181,1093872.72727273,Paid
TXN329,2025-11-25,Electronics,East,1096903.03030303,614169.696969696,131836.363636363,71069.696969697,279827.272727273,1066715.15151515,701042.424242424,1096903.03030303,Paid
TXN330,2025-11-26,Furniture,South,1099933.33333333,615866.666666666,132200.0,71266.6666666667,280600.0,1069666.66666667,702966.666666666,1099933.33333333,Paid
TXN331,2025-11-27,Clothing,North,1102963.63636364,617563.636363636,132563.636363636,71463.6363636364,281372.727272727,1072618.18181818,704890.909090909,1102963.63636364,Paid
TXN332,2025-11-28,Electronics,West,1105993.93939394,619260.606060606,132927.272727272,71660.6060606061,282145.454545454,1075569.6969697,706815.151515151,1105993.93939394,Paid
TXN333,2025-11-29,Furniture,East,1109024.24242424,620957.575757575,133290.909090909,71857.5757575758,282918.181818182,1078521.21212121,708739.393939394,1109024.24242424,Paid
TXN334,2025-11-30,Clothing,South,1112054.54545455,622654.545454545,133654.545454545,72054.5454545455,283690.909090909,1081472.72727273,710663.636363636,1112054.54545455,Paid
TXN335,2025-12-01,Electronics,North,1115084.84848485,624351.515151515,134018.181818181,72251.5151515152,284463.636363636,1084424.24242424,712587.878787878,1115084.84848485,Paid
TXN336,2025-12-02,Electronics,South,1118115.15151515,626048.484848484,134381.818181818,72448.4848484849,285236.363636363,1087375.75757576,714512.121212121,1118115.15151515,Paid
TXN337,2025-12-03,Furniture,North,1121145.45454546,627745.454545454,134745.454545454,72645.4545454546,286009.090909091,1090327.27272727,716436.363636363,1121145.45454546,Paid
TXN338,2025-12-04,Clothing,West,1124175.75757576,629442.424242424,135109.090909091,72842.4242424243,286781.818181818,1093278.78787879,718360.606060606,1124175.75757576,Paid
TXN339,2025-12-05,Electronics,East,1127206.06060606,631139.393939393,135472.727272727,73039.393939394,287554.545454545,1096230.3030303,720284.848484848,1127206.06060606,Paid
TXN340,2025-12-06,Furniture,South,1130236.36363637,632836.363636363,135836.363636363,73236.3636363637,288327.272727273,1099181.81818182,722209.090909091,1130236.36363637,Paid
TXN341,2025-12-07,Clothing,North,1133266.66666667,634533.333333333,136200.0,73433.3333333334,289100.0,1102133.33333333,724133.333333333,1133266.66666667,Paid
TXN342,2025-12-08,Electronics,West,1136296.96969697,636230.303030303,136563.636363636,73630.3030303031,289872.727272727,1105084.84848485,726057.575757575,1136296.96969697,Paid
TXN343,2025-12-09,Furniture,East,1139327.27272727,637927.272727272,136927.272727272,73827.2727272728,290645.454545454,1108036.36363636,727981.818181818,1139327.27272727,Paid
TXN344,2025-12-10,Clothing,South,1142357.57575758,639624.242424242,137290.909090909,74024.2424242425,291418.181818182,1110987.87878788,729906.06060606,1142357.57575758,Paid
TXN345,2025-12-11,Electronics,North,1145387.87878788,641321.212121212,137654.545454545,74221.2121212122,292190.909090909,1113939.39393939,731830.303030303,1145387.87878788,Paid
TXN346,2025-12-12,Electronics,South,1148418.18181818,643018.181818181,138018.181818181,74418.1818181819,292963.636363636,1116890.90909091,733754.545454545,1148418.18181818,Paid
TXN347,2025-12-13,Furniture,North,1151448.48484849,644715.151515151,138381.818181818,74615.1515151516,293736.363636363,1119842.42424242,735678.787878788,1151448.48484849,Paid
TXN348,2025-12-14,Clothing,West,1154478.78787879,646412.121212121,138745.454545454,74812.1212121213,294509.090909091,1122793.93939394,737603.03030303,1154478.78787879,Paid
TXN349,2025-12-15,Electronics,East,1157509.09090909,648109.09090909,139109.090909091,75009.090909091,295281.818181818,1125745.45454545,739527.272727272,1157509.09090909,Paid
TXN350,2025-12-16,Furniture,South,1160539.3939394,649806.06060606,139472.727272727,75206.0606060607,296054.545454545,1128696.96969697,741451.515151515,1160539.3939394,Paid
TXN351,2025-12-17,Clothing,North,1163569.6969697,651503.03030303,139836.363636363,75403.0303030304,296827.272727272,1131648.48484848,743375.757575757,1163569.6969697,Paid
TXN352,2025-12-18,Electronics,West,1166600.0,653200.0,140200.0,75600.0000000001,297600.0,1134600.0,745300.0,1166600.0,Paid
TXN353,2025-12-19,Furniture,East,1169630.30303031,654896.969696969,140563.636363636,75796.9696969698,298372.727272727,1137551.51515151,747224.242424242,1169630.30303031,Paid
TXN354,2025-12-20,Clothing,South,1172660.60606061,656593.939393939,140927.272727272,75993.9393939395,299145.454545454,1140503.03030303,749148.484848485,1172660.60606061,Paid
TXN355,2025-12-21,Electronics,North,1175690.90909091,658290.909090909,141290.909090909,76190.9090909092,299918.181818182,1143454.54545454,751072.727272727,1175690.90909091,Paid
TXN356,2025-12-22,Electronics,South,1178721.21212121,659987.878787878,141654.545454545,76387.8787878789,300690.909090909,1146406.06060606,752996.969696969,1178721.21212121,Paid
TXN357,2025-12-23,Furniture,North,1181751.51515152,661684.848484848,142018.181818181,76584.8484848486,301463.636363636,1149357.57575757,754921.212121212,1181751.51515152,Paid
TXN358,2025-12-24,Clothing,West,1184781.81818182,663381.818181818,142381.818181818,76781.8181818183,302236.363636363,1152309.09090909,756845.454545454,1184781.81818182,Paid
TXN359,2025-12-25,Electronics,East,1187812.12121212,665078.787878787,142745.454545454,76978.7878787879,303009.090909091,1155260.6060606,758769.696969697,1187812.12121212,Paid
TXN360,2025-12-26,Furniture,South,1190842.42424243,666775.757575757,143109.090909091,77175.7575757576,303781.818181818,1158212.12121212,760693.939393939,1190842.42424243,Paid
TXN361,2025-12-27,Clothing,North,1193872.72727273,668472.727272727,143472.727272727,77372.7272727273,304554.545454545,1161163.63636363,762618.181818181,1193872.72727273,Paid
TXN362,2025-12-28,Electronics,West,1196903.03030303,670169.696969696,143836.363636363,77569.696969697,305327.272727272,1164115.15151515,764542.424242424,1196903.03030303,Paid
TXN363,2025-12-29,Furniture,East,1199933.33333334,671866.666666666,144200.0,77766.6666666667,306100.0,1167066.66666667,766466.666666666,1199933.33333334,Paid
TXN364,2025-12-30,Clothing,South,1202963.63636364,673563.636363636,144563.636363636,77963.6363636364,306872.727272727,1170018.18181818,768390.909090909,1202963.63636364,Paid
TXN365,2025-12-31,Electronics,North,1205993.93939394,675260.606060605,144927.272727272,78160.6060606061,307645.454545454,1172969.6969697,770315.151515151,1205993.93939394,Paid
