Return_ID,Return_Date,Order_ID,Customer_ID,Product_ID,Product_Name,Category,Region,City,Returned_quantity,Return_Value,Return_Reason,Return_Status,Sales_Amount,Order_Date
RET001,2025-01-01,ORD001,CUST001,PROD001,Laptop,Electronics,South,Bengaluru,1.0,55000.0,Damaged,Approved,60000.0,2024-12-12
RET002,2025-01-02,ORD002,CUST002,PROD002,Mobile Phone,Electronics,West,Mumbai,1.0,28000.0,Wrong Item,Approved,30000.0,2024-12-13
RET003,2025-01-03,ORD003,CUST003,PROD003,Office Chair,Furniture,South,Chennai,2.0,12000.0,Defective,Approved,15000.0,2024-12-14
RET004,2025-01-04,ORD004,CUST001,PROD004,Headphones,Electronics,North,Delhi,4.0,3500.0,Changed Mind,Pending,4000.0,2024-12-15
RET005,2025-01-05,ORD005,CUST003,PROD005,Shoes,Fashion,West,Pune,1.0,4500.0,Wrong Size,Approved,5000.0,2024-12-16
RET006,2025-01-06,ORD006,CUST001,PROD006,Keyboard,Electronics,South,Hyderabad,2.0,3000.0,Damaged,Approved,3500.0,2024-12-17
RET007,2025-01-07,ORD007,CUST007,PROD007,Monitor,Electronics,East,Kolkata,1.0,18000.0,Defective,Approved,20000.0,2024-12-18
RET008,2025-01-08,ORD008,CUST001,PROD008,T-Shirt,Fashion,South,Bengaluru,3.0,2400.0,Wrong Size,Approved,3000.0,2024-12-19
RET009,2025-01-09,ORD009,CUST009,PROD009,Table,Furniture,North,Delhi,1.0,9000.0,Damaged,Rejected,10000.0,2024-12-20
RET010,2025-01-10,ORD010,CUST010,PROD010,Tablet,Electronics,West,Mumbai,1.0,22000.0,Changed Mind,Approved,25000.0,2024-12-21
RET011,2025-01-11,ORD011,CUST011,PROD011,Jeans,Fashion,South,Chennai,2.0,5000.0,Wrong Size,Approved,6000.0,2024-12-22
RET012,2025-01-12,ORD012,CUST012,PROD012,Printer,Electronics,East,Kolkata,1.0,14000.0,Defective,Approved,16000.0,2024-12-23
RET013,2025-01-13,ORD013,CUST001,PROD013,Sofa,Furniture,South,Bengaluru,1.0,32000.0,Damaged,Pending,35000.0,2024-12-24
RET014,2025-01-14,ORD014,CUST012,PROD014,Smart Watch,Electronics,West,Pune,1.0,8000.0,Wrong Item,Approved,9000.0,2024-12-25
RET015,2025-01-15,ORD015,CUST015,PROD015,Jacket,Fashion,North,Delhi,1.0,7000.0,Wrong Size,Approved,8000.0,2024-12-26
RET016,2025-01-16,ORD016,CUST016,PROD016,Mouse,Electronics,South,Hyderabad,2.0,1600.0,Defective,Approved,2000.0,2024-12-27
RET017,2025-01-17,ORD017,CUST017,PROD017,Desk,Furniture,East,Kolkata,1.0,11000.0,Changed Mind,Rejected,13000.0,2024-12-28
RET018,2025-01-18,ORD018,CUST001,PROD018,Camera,Electronics,West,Mumbai,1.0,45000.0,Damaged,Approved,50000.0,2024-12-29
RET019,2025-01-19,ORD019,CUST011,PROD019,Sneakers,Fashion,South,Bengaluru,5.0,6500.0,Wrong Size,Approved,7500.0,2024-12-30
RET020,2025-01-20,ORD020,CUST021,PROD020,Air Conditioner,Electronics,North,Delhi,2.0,38000.0,Defective,Approved,42000.0,2024-12-31
RET021,2025-01-21,ORD021,CUST021,PROD021,Laptop,Electronics,South,Bengaluru,1.33684210526316,16149.4736842105,Damaged,Approved,18255.2631578947,2025-01-01
RET022,2025-01-22,ORD022,CUST011,PROD022,Mobile Phone,Electronics,West,Mumbai,1.31654135338346,16137.5187969925,Wrong Item,Approved,18260.5263157895,2025-01-02
RET023,2025-01-23,ORD023,CUST023,PROD023,Office Chair,Furniture,South,Chennai,1.29624060150376,16125.5639097744,Defective,Approved,18265.7894736842,2025-01-03
RET024,2025-01-24,ORD024,CUST024,PROD024,Headphones,Electronics,North,Delhi,1.27593984962406,16113.6090225564,Changed Mind,Pending,18271.0526315789,2025-01-04
RET025,2025-01-25,ORD025,CUST025,PROD025,Shoes,Fashion,West,Pune,1.25563909774436,16101.6541353383,Wrong Size,Approved,18276.3157894737,2025-01-05
RET026,2025-01-26,ORD026,CUST026,PROD026,Keyboard,Electronics,South,Hyderabad,1.23533834586466,16089.6992481203,Damaged,Approved,18281.5789473684,2025-01-06
RET027,2025-01-27,ORD027,CUST027,PROD027,Monitor,Electronics,East,Kolkata,1.21503759398496,16077.7443609023,Defective,Approved,18286.8421052632,2025-01-07
RET028,2025-01-28,ORD028,CUST028,PROD028,T-Shirt,Fashion,South,Bengaluru,1.19473684210526,16065.7894736842,Wrong Size,Approved,18292.1052631579,2025-01-08
RET029,2025-01-29,ORD029,CUST029,PROD029,Table,Furniture,North,Delhi,1.17443609022556,16053.8345864662,Damaged,Rejected,18297.3684210526,2025-01-09
RET030,2025-01-30,ORD030,CUST030,PROD030,Tablet,Electronics,West,Mumbai,1.15413533834586,16041.8796992481,Changed Mind,Approved,18302.6315789474,2025-01-10
RET031,2025-01-31,ORD031,CUST031,PROD031,Jeans,Fashion,South,Chennai,1.13383458646617,16029.9248120301,Wrong Size,Approved,18307.8947368421,2025-01-11
RET032,2025-02-01,ORD032,CUST032,PROD032,Printer,Electronics,East,Kolkata,1.11353383458647,16017.969924812,Defective,Approved,18313.1578947368,2025-01-12
RET033,2025-02-02,ORD033,CUST033,PROD033,Sofa,Furniture,South,Bengaluru,1.09323308270677,16006.015037594,Damaged,Pending,18318.4210526316,2025-01-13
RET034,2025-02-03,ORD034,CUST034,PROD034,Smart Watch,Electronics,West,Pune,1.07293233082707,15994.0601503759,Wrong Item,Approved,18323.6842105263,2025-01-14
RET035,2025-02-04,ORD035,CUST035,PROD035,Jacket,Fashion,North,Delhi,1.05263157894737,15982.1052631579,Wrong Size,Approved,18328.9473684211,2025-01-15
RET036,2025-02-05,ORD036,CUST036,PROD036,Mouse,Electronics,South,Hyderabad,1.03233082706767,15970.1503759398,Defective,Approved,18334.2105263158,2025-01-16
RET037,2025-02-06,ORD037,CUST037,PROD037,Desk,Furniture,East,Kolkata,1.01203007518797,15958.1954887218,Changed Mind,Rejected,18339.4736842105,2025-01-17
RET038,2025-02-07,ORD038,CUST038,PROD038,Camera,Electronics,West,Mumbai,0.991729323308271,15946.2406015038,Damaged,Approved,18344.7368421053,2025-01-18
RET039,2025-02-08,ORD039,CUST039,PROD039,Sneakers,Fashion,South,Bengaluru,0.971428571428572,15934.2857142857,Wrong Size,Approved,18350.0,2025-01-19
RET040,2025-02-09,ORD040,CUST040,PROD040,Air Conditioner,Electronics,North,Delhi,0.951127819548872,15922.3308270677,Defective,Approved,18355.2631578947,2025-01-20
RET041,2025-02-10,ORD041,CUST041,PROD041,Laptop,Electronics,South,Bengaluru,0.930827067669173,15910.3759398496,Damaged,Approved,18360.5263157895,2025-01-21
RET042,2025-02-11,ORD042,CUST042,PROD042,Mobile Phone,Electronics,West,Mumbai,0.910526315789474,15898.4210526316,Wrong Item,Approved,18365.7894736842,2025-01-22
RET043,2025-02-12,ORD043,CUST043,PROD043,Office Chair,Furniture,South,Chennai,0.890225563909775,15886.4661654135,Defective,Approved,18371.052631579,2025-01-23
RET044,2025-02-13,ORD044,CUST044,PROD044,Headphones,Electronics,North,Delhi,0.869924812030076,15874.5112781955,Changed Mind,Pending,18376.3157894737,2025-01-24
RET045,2025-02-14,ORD045,CUST045,PROD045,Shoes,Fashion,West,Pune,0.849624060150376,15862.5563909774,Wrong Size,Approved,18381.5789473684,2025-01-25
RET046,2025-02-15,ORD046,CUST046,PROD046,Keyboard,Electronics,South,Hyderabad,0.829323308270677,15850.6015037594,Damaged,Approved,18386.8421052632,2025-01-26
RET047,2025-02-16,ORD047,CUST047,PROD047,Monitor,Electronics,East,Kolkata,0.809022556390978,15838.6466165413,Defective,Approved,18392.1052631579,2025-01-27
RET048,2025-02-17,ORD048,CUST048,PROD048,T-Shirt,Fashion,South,Bengaluru,0.788721804511279,15826.6917293233,Wrong Size,Approved,18397.3684210526,2025-01-28
RET049,2025-02-18,ORD049,CUST049,PROD049,Table,Furniture,North,Delhi,0.768421052631579,15814.7368421053,Damaged,Rejected,18402.6315789474,2025-01-29
RET050,2025-02-19,ORD050,CUST050,PROD050,Tablet,Electronics,West,Mumbai,0.74812030075188,15802.7819548872,Changed Mind,Approved,18407.8947368421,2025-01-30
RET051,2025-02-20,ORD051,CUST051,PROD051,Jeans,Fashion,South,Chennai,0.727819548872183,15790.8270676692,Wrong Size,Approved,18413.1578947368,2025-01-31
RET052,2025-02-21,ORD052,CUST052,PROD052,Printer,Electronics,East,Kolkata,0.707518796992483,15778.8721804511,Defective,Approved,18418.4210526316,2025-02-01
RET053,2025-02-22,ORD053,CUST053,PROD053,Sofa,Furniture,South,Bengaluru,0.687218045112783,15766.9172932331,Damaged,Pending,18423.6842105263,2025-02-02
RET054,2025-02-23,ORD054,CUST054,PROD054,Smart Watch,Electronics,West,Pune,0.666917293233083,15754.962406015,Wrong Item,Approved,18428.9473684211,2025-02-03
RET055,2025-02-24,ORD055,CUST055,PROD055,Jacket,Fashion,North,Delhi,0.646616541353383,15743.007518797,Wrong Size,Approved,18434.2105263158,2025-02-04
RET056,2025-02-25,ORD056,CUST056,PROD056,Mouse,Electronics,South,Hyderabad,0.626315789473683,15731.0526315789,Defective,Approved,18439.4736842105,2025-02-05
RET057,2025-02-26,ORD057,CUST057,PROD057,Desk,Furniture,East,Kolkata,0.606015037593983,15719.0977443609,Changed Mind,Rejected,18444.7368421053,2025-02-06
RET058,2025-02-27,ORD058,CUST058,PROD058,Camera,Electronics,West,Mumbai,0.585714285714283,15707.1428571429,Damaged,Approved,18450.0,2025-02-07
RET059,2025-02-28,ORD059,CUST059,PROD059,Sneakers,Fashion,South,Bengaluru,0.565413533834583,15695.1879699248,Wrong Size,Approved,18455.2631578947,2025-02-08
RET060,2025-03-01,ORD060,CUST060,PROD060,Air Conditioner,Electronics,North,Delhi,0.545112781954883,15683.2330827068,Defective,Approved,18460.5263157895,2025-02-09
RET061,2025-03-02,ORD061,CUST061,PROD061,Laptop,Electronics,South,Bengaluru,0.524812030075193,15671.2781954887,Damaged,Approved,18465.7894736842,2025-02-10
RET062,2025-03-03,ORD062,CUST062,PROD062,Mobile Phone,Electronics,West,Mumbai,0.504511278195493,15659.3233082707,Wrong Item,Approved,18471.052631579,2025-02-11
RET063,2025-03-04,ORD063,CUST063,PROD063,Office Chair,Furniture,South,Chennai,0.484210526315793,15647.3684210526,Defective,Approved,18476.3157894737,2025-02-12
RET064,2025-03-05,ORD064,CUST064,PROD064,Headphones,Electronics,North,Delhi,0.463909774436093,15635.4135338346,Changed Mind,Pending,18481.5789473684,2025-02-13
RET065,2025-03-06,ORD065,CUST065,PROD065,Shoes,Fashion,West,Pune,0.443609022556393,15623.4586466165,Wrong Size,Approved,18486.8421052632,2025-02-14
RET066,2025-03-07,ORD066,CUST066,PROD066,Keyboard,Electronics,South,Hyderabad,0.423308270676693,15611.5037593985,Damaged,Approved,18492.1052631579,2025-02-15
RET067,2025-03-08,ORD067,CUST067,PROD067,Monitor,Electronics,East,Kolkata,0.403007518796993,15599.5488721804,Defective,Approved,18497.3684210526,2025-02-16
RET068,2025-03-09,ORD068,CUST068,PROD068,T-Shirt,Fashion,South,Bengaluru,0.382706766917293,15587.5939849624,Wrong Size,Approved,18502.6315789474,2025-02-17
RET069,2025-03-10,ORD069,CUST069,PROD069,Table,Furniture,North,Delhi,0.362406015037593,15575.6390977444,Damaged,Rejected,18507.8947368421,2025-02-18
RET070,2025-03-11,ORD070,CUST070,PROD070,Tablet,Electronics,West,Mumbai,0.342105263157893,15563.6842105263,Changed Mind,Approved,18513.1578947368,2025-02-19
RET071,2025-03-12,ORD071,CUST071,PROD071,Jeans,Fashion,South,Chennai,0.321804511278193,15551.7293233083,Wrong Size,Approved,18518.4210526316,2025-02-20
RET072,2025-03-13,ORD072,CUST072,PROD072,Printer,Electronics,East,Kolkata,0.301503759398493,15539.7744360902,Defective,Approved,18523.6842105263,2025-02-21
RET073,2025-03-14,ORD073,CUST073,PROD073,Sofa,Furniture,South,Bengaluru,0.281203007518793,15527.8195488722,Damaged,Pending,18528.9473684211,2025-02-22
RET074,2025-03-15,ORD074,CUST074,PROD074,Smart Watch,Electronics,West,Pune,0.260902255639103,15515.8646616541,Wrong Item,Approved,18534.2105263158,2025-02-23
RET075,2025-03-16,ORD075,CUST075,PROD075,Jacket,Fashion,North,Delhi,0.240601503759403,15503.9097744361,Wrong Size,Approved,18539.4736842105,2025-02-24
RET076,2025-03-17,ORD076,CUST076,PROD076,Mouse,Electronics,South,Hyderabad,0.220300751879703,15491.954887218,Defective,Approved,18544.7368421053,2025-02-25
RET077,2025-03-18,ORD077,CUST077,PROD077,Desk,Furniture,East,Kolkata,0.200000000000003,15480.0,Changed Mind,Rejected,18550.0,2025-02-26
RET078,2025-03-19,ORD078,CUST078,PROD078,Camera,Electronics,West,Mumbai,0.179699248120303,15468.0451127819,Damaged,Approved,18555.2631578947,2025-02-27
RET079,2025-03-20,ORD079,CUST079,PROD079,Sneakers,Fashion,South,Bengaluru,0.159398496240603,15456.0902255639,Wrong Size,Approved,18560.5263157895,2025-02-28
RET080,2025-03-21,ORD080,CUST080,PROD080,Air Conditioner,Electronics,North,Delhi,0.139097744360903,15444.1353383459,Defective,Approved,18565.7894736842,2025-03-01
RET081,2025-03-22,ORD081,CUST081,PROD081,Laptop,Electronics,South,Bengaluru,0.118796992481203,15432.1804511278,Damaged,Approved,18571.052631579,2025-03-02
RET082,2025-03-23,ORD082,CUST082,PROD082,Mobile Phone,Electronics,West,Mumbai,0.0984962406015029,15420.2255639098,Wrong Item,Approved,18576.3157894737,2025-03-03
RET083,2025-03-24,ORD083,CUST083,PROD083,Office Chair,Furniture,South,Chennai,0.0781954887218028,15408.2706766917,Defective,Approved,18581.5789473684,2025-03-04
RET084,2025-03-25,ORD084,CUST084,PROD084,Headphones,Electronics,North,Delhi,0.0578947368421028,15396.3157894737,Changed Mind,Pending,18586.8421052632,2025-03-05
RET085,2025-03-26,ORD085,CUST085,PROD085,Shoes,Fashion,West,Pune,0.037593984962403,15384.3609022556,Wrong Size,Approved,18592.1052631579,2025-03-06
RET086,2025-03-27,ORD086,CUST086,PROD086,Keyboard,Electronics,South,Hyderabad,0.0172932330827029,15372.4060150376,Damaged,Approved,18597.3684210526,2025-03-07
RET087,2025-03-28,ORD087,CUST087,PROD087,Monitor,Electronics,East,Kolkata,1.0,15360.4511278195,Defective,Approved,18602.6315789474,2025-03-08
RET088,2025-03-29,ORD088,CUST088,PROD088,T-Shirt,Fashion,South,Bengaluru,2.0,15348.4962406015,Wrong Size,Approved,18607.8947368421,2025-03-09
RET089,2025-03-30,ORD089,CUST089,PROD089,Table,Furniture,North,Delhi,5.0,15336.5413533835,Damaged,Rejected,18613.1578947368,2025-03-10
RET090,2025-03-31,ORD090,CUST090,PROD090,Tablet,Electronics,West,Mumbai,6.0,15324.5864661654,Changed Mind,Approved,18618.4210526316,2025-03-11
RET091,2025-04-01,ORD091,CUST091,PROD091,Jeans,Fashion,South,Chennai,3.0,15312.6315789474,Wrong Size,Approved,18623.6842105263,2025-03-12
RET092,2025-04-02,ORD092,CUST092,PROD092,Printer,Electronics,East,Kolkata,1.0,15300.6766917293,Defective,Approved,18628.9473684211,2025-03-13
RET093,2025-04-03,ORD093,CUST093,PROD093,Sofa,Furniture,South,Bengaluru,2.0,15288.7218045113,Damaged,Pending,18634.2105263158,2025-03-14
RET094,2025-04-04,ORD094,CUST094,PROD094,Smart Watch,Electronics,West,Pune,3.0,15276.7669172932,Wrong Item,Approved,18639.4736842105,2025-03-15
RET095,2025-04-05,ORD095,CUST095,PROD095,Jacket,Fashion,North,Delhi,0.0,15264.8120300752,Wrong Size,Approved,18644.7368421053,2025-03-16
RET096,2025-04-06,ORD096,CUST096,PROD096,Mouse,Electronics,South,Hyderabad,1.0,15252.8571428571,Defective,Approved,18650.0,2025-03-17
RET097,2025-04-07,ORD097,CUST097,PROD097,Desk,Furniture,East,Kolkata,2.0,15240.9022556391,Changed Mind,Rejected,18655.2631578947,2025-03-18
RET098,2025-04-08,ORD098,CUST098,PROD098,Camera,Electronics,West,Mumbai,1.0,15228.947368421,Damaged,Approved,18660.5263157895,2025-03-19
RET099,2025-04-09,ORD099,CUST099,PROD099,Sneakers,Fashion,South,Bengaluru,2.0,15216.992481203,Wrong Size,Approved,18665.7894736842,2025-03-20
RET100,2025-04-10,ORD100,CUST100,PROD100,Air Conditioner,Electronics,North,Delhi,1.0,15205.037593985,Defective,Approved,18671.052631579,2025-03-21
RET101,2025-04-11,ORD101,CUST101,PROD101,Laptop,Electronics,South,Bengaluru,2.0,15193.0827067669,Damaged,Approved,18676.3157894737,2025-03-22
RET102,2025-04-12,ORD102,CUST102,PROD102,Mobile Phone,Electronics,West,Mumbai,1.0,15181.1278195489,Wrong Item,Approved,18681.5789473684,2025-03-23
RET103,2025-04-13,ORD103,CUST103,PROD103,Office Chair,Furniture,South,Chennai,2.0,15169.1729323308,Defective,Approved,18686.8421052632,2025-03-24
RET104,2025-04-14,ORD104,CUST104,PROD104,Headphones,Electronics,North,Delhi,1.0,15157.2180451128,Changed Mind,Pending,18692.1052631579,2025-03-25
RET105,2025-04-15,ORD105,CUST105,PROD105,Shoes,Fashion,West,Pune,0.0,15145.2631578947,Wrong Size,Approved,18697.3684210526,2025-03-26
RET106,2025-04-16,ORD106,CUST106,PROD106,Keyboard,Electronics,South,Hyderabad,2.0,15133.3082706767,Damaged,Approved,18702.6315789474,2025-03-27
RET107,2025-04-17,ORD107,CUST107,PROD107,Monitor,Electronics,East,Kolkata,5.0,15121.3533834586,Defective,Approved,18707.8947368421,2025-03-28
RET108,2025-04-18,ORD108,CUST108,PROD108,T-Shirt,Fashion,South,Bengaluru,2.0,15109.3984962406,Wrong Size,Approved,18713.1578947368,2025-03-29
RET109,2025-04-19,ORD109,CUST109,PROD109,Table,Furniture,North,Delhi,3.0,15097.4436090225,Damaged,Rejected,18718.4210526316,2025-03-30
RET110,2025-04-20,ORD110,CUST110,PROD110,Tablet,Electronics,West,Mumbai,2.0,15085.4887218045,Changed Mind,Approved,18723.6842105263,2025-03-31
RET111,2025-04-21,ORD111,CUST111,PROD111,Jeans,Fashion,South,Chennai,1.0,15073.5338345865,Wrong Size,Approved,18728.9473684211,2025-04-01
RET112,2025-04-22,ORD112,CUST112,PROD112,Printer,Electronics,East,Kolkata,1.0,15061.5789473684,Defective,Approved,18734.2105263158,2025-04-02
RET113,2025-04-23,ORD113,CUST113,PROD113,Sofa,Furniture,South,Bengaluru,2.0,15049.6240601504,Damaged,Pending,18739.4736842105,2025-04-03
RET114,2025-04-24,ORD114,CUST114,PROD114,Smart Watch,Electronics,West,Pune,2.0,15037.6691729323,Wrong Item,Approved,18744.7368421053,2025-04-04
RET115,2025-04-25,ORD115,CUST115,PROD115,Jacket,Fashion,North,Delhi,3.0,15025.7142857143,Wrong Size,Approved,18750.0,2025-04-05
RET116,2025-04-26,ORD116,CUST116,PROD116,Mouse,Electronics,South,Hyderabad,3.0,15013.7593984962,Defective,Approved,18755.2631578947,2025-04-06
RET117,2025-04-27,ORD117,CUST117,PROD117,Desk,Furniture,East,Kolkata,3.6,15001.8045112782,Changed Mind,Rejected,18760.5263157895,2025-04-07
RET118,2025-04-28,ORD118,CUST118,PROD118,Camera,Electronics,West,Mumbai,4.05714285714286,14989.8496240601,Damaged,Approved,18765.7894736842,2025-04-08
RET119,2025-04-29,ORD119,CUST119,PROD119,Sneakers,Fashion,South,Bengaluru,4.51428571428572,14977.8947368421,Wrong Size,Approved,18771.052631579,2025-04-09
RET120,2025-04-30,ORD120,CUST120,PROD120,Air Conditioner,Electronics,North,Delhi,4.97142857142857,14965.939849624,Defective,Approved,18776.3157894737,2025-04-10
RET121,2025-05-01,ORD121,CUST121,PROD121,Laptop,Electronics,South,Bengaluru,5.42857142857143,14953.984962406,Damaged,Approved,18781.5789473684,2025-04-11
RET122,2025-05-02,ORD122,CUST122,PROD122,Mobile Phone,Electronics,West,Mumbai,5.88571428571429,14942.030075188,Wrong Item,Approved,18786.8421052632,2025-04-12
RET123,2025-05-03,ORD123,CUST123,PROD123,Office Chair,Furniture,South,Chennai,6.34285714285715,14930.0751879699,Defective,Approved,18792.1052631579,2025-04-13
RET124,2025-05-04,ORD124,CUST124,PROD124,Headphones,Electronics,North,Delhi,6.8,14918.1203007519,Changed Mind,Pending,18797.3684210526,2025-04-14
RET125,2025-05-05,ORD125,CUST125,PROD125,Shoes,Fashion,West,Pune,7.25714285714286,14906.1654135338,Wrong Size,Approved,18802.6315789474,2025-04-15
RET126,2025-05-06,ORD126,CUST126,PROD126,Keyboard,Electronics,South,Hyderabad,7.71428571428572,14894.2105263158,Damaged,Approved,18807.8947368421,2025-04-16
RET127,2025-05-07,ORD127,CUST127,PROD127,Monitor,Electronics,East,Kolkata,8.17142857142858,14882.2556390977,Defective,Approved,18813.1578947368,2025-04-17
RET128,2025-05-08,ORD128,CUST128,PROD128,T-Shirt,Fashion,South,Bengaluru,8.62857142857143,14870.3007518797,Wrong Size,Approved,18818.4210526316,2025-04-18
RET129,2025-05-09,ORD129,CUST129,PROD129,Table,Furniture,North,Delhi,9.08571428571429,14858.3458646616,Damaged,Rejected,18823.6842105263,2025-04-19
RET130,2025-05-10,ORD130,CUST130,PROD130,Tablet,Electronics,West,Mumbai,9.54285714285715,14846.3909774436,Changed Mind,Approved,18828.9473684211,2025-04-20
RET131,2025-05-11,ORD131,CUST131,PROD131,Jeans,Fashion,South,Chennai,10.0,14834.4360902256,Wrong Size,Approved,18834.2105263158,2025-04-21
RET132,2025-05-12,ORD132,CUST132,PROD132,Printer,Electronics,East,Kolkata,10.4571428571429,14822.4812030075,Defective,Approved,18839.4736842105,2025-04-22
RET133,2025-05-13,ORD133,CUST133,PROD133,Sofa,Furniture,South,Bengaluru,10.9142857142858,14810.5263157895,Damaged,Pending,18844.7368421053,2025-04-23
RET134,2025-05-14,ORD134,CUST134,PROD134,Smart Watch,Electronics,West,Pune,11.3714285714286,14798.5714285714,Wrong Item,Approved,18850.0,2025-04-24
RET135,2025-05-15,ORD135,CUST135,PROD135,Jacket,Fashion,North,Delhi,11.8285714285715,14786.6165413534,Wrong Size,Approved,18855.2631578947,2025-04-25
RET136,2025-05-16,ORD136,CUST136,PROD136,Mouse,Electronics,South,Hyderabad,2.0,14774.6616541353,Defective,Approved,18860.5263157895,2025-04-26
RET137,2025-05-17,ORD137,CUST137,PROD137,Desk,Furniture,East,Kolkata,4.0,14762.7067669173,Changed Mind,Rejected,18865.7894736842,2025-04-27
RET138,2025-05-18,ORD138,CUST138,PROD138,Camera,Electronics,West,Mumbai,8.0,14750.7518796992,Damaged,Approved,18871.052631579,2025-04-28
RET139,2025-05-19,ORD139,CUST139,PROD139,Sneakers,Fashion,South,Bengaluru,9.0,14738.7969924812,Wrong Size,Approved,18876.3157894737,2025-04-29
RET140,2025-05-20,ORD140,CUST140,PROD140,Air Conditioner,Electronics,North,Delhi,6.0,14726.8421052631,Defective,Approved,18881.5789473684,2025-04-30
RET141,2025-05-21,ORD141,CUST141,PROD141,Laptop,Electronics,South,Bengaluru,4.0,14714.8872180451,Damaged,Approved,18886.8421052632,2025-05-01
RET142,2025-05-22,ORD142,CUST142,PROD142,Mobile Phone,Electronics,West,Mumbai,2.0,14702.9323308271,Wrong Item,Approved,18892.1052631579,2025-05-02
RET143,2025-05-23,ORD143,CUST143,PROD143,Office Chair,Furniture,South,Chennai,2.0,14690.977443609,Defective,Approved,18897.3684210526,2025-05-03
RET144,2025-05-24,ORD144,CUST144,PROD144,Headphones,Electronics,North,Delhi,5.0,14679.022556391,Changed Mind,Pending,18902.6315789474,2025-05-04
RET145,2025-05-25,ORD145,CUST145,PROD145,Shoes,Fashion,West,Pune,6.0,14667.0676691729,Wrong Size,Approved,18907.8947368421,2025-05-05
RET146,2025-05-26,ORD146,CUST146,PROD146,Keyboard,Electronics,South,Hyderabad,4.0,14655.1127819549,Damaged,Approved,18913.1578947368,2025-05-06
RET147,2025-05-27,ORD147,CUST147,PROD147,Laptop,Electronics,South,Bengaluru,5.05913674123903,14643.1578947368,Damaged,Approved,18918.4210526316,2025-05-07
RET148,2025-05-28,ORD148,CUST148,PROD148,Mobile Phone,Electronics,West,Mumbai,5.09635378247321,14631.2030075188,Wrong Item,Approved,18923.6842105263,2025-05-08
RET149,2025-05-29,ORD149,CUST149,PROD149,Office Chair,Furniture,South,Chennai,5.1335708237074,14619.2481203007,Defective,Approved,18928.9473684211,2025-05-09
RET150,2025-05-30,ORD150,CUST150,PROD150,Headphones,Electronics,North,Delhi,5.17078786494158,14607.2932330827,Changed Mind,Pending,18934.2105263158,2025-05-10
RET151,2025-05-31,ORD151,CUST151,PROD151,Shoes,Fashion,West,Pune,5.20800490617577,14595.3383458646,Wrong Size,Approved,18939.4736842105,2025-05-11
RET152,2025-06-01,ORD152,CUST152,PROD152,Keyboard,Electronics,South,Hyderabad,5.24522194740996,14583.3834586466,Damaged,Approved,18944.7368421053,2025-05-12
RET153,2025-06-02,ORD153,CUST153,PROD153,Monitor,Electronics,East,Kolkata,5.28243898864414,14571.4285714286,Defective,Approved,18950.0,2025-05-13
RET154,2025-06-03,ORD154,CUST154,PROD154,T-Shirt,Fashion,South,Bengaluru,5.31965602987833,14559.4736842105,Wrong Size,Approved,18955.2631578947,2025-05-14
RET155,2025-06-04,ORD155,CUST155,PROD155,Table,Furniture,North,Delhi,5.35687307111252,14547.5187969925,Damaged,Rejected,18960.5263157895,2025-05-15
RET156,2025-06-05,ORD156,CUST156,PROD156,Tablet,Electronics,West,Mumbai,5.3940901123467,14535.5639097744,Changed Mind,Approved,18965.7894736842,2025-05-16
RET157,2025-06-06,ORD157,CUST157,PROD157,Jeans,Fashion,South,Chennai,5.43130715358089,14523.6090225564,Wrong Size,Approved,18971.052631579,2025-05-17
RET158,2025-06-07,ORD158,CUST158,PROD158,Printer,Electronics,East,Kolkata,5.46852419481508,14511.6541353383,Defective,Approved,18976.3157894737,2025-05-18
RET159,2025-06-08,ORD159,CUST159,PROD159,Sofa,Furniture,South,Bengaluru,5.50574123604926,14499.6992481203,Damaged,Pending,18981.5789473684,2025-05-19
RET160,2025-06-09,ORD160,CUST160,PROD160,Smart Watch,Electronics,West,Pune,5.54295827728345,14487.7443609022,Wrong Item,Approved,18986.8421052632,2025-05-20
RET161,2025-06-10,ORD161,CUST161,PROD161,Jacket,Fashion,North,Delhi,5.58017531851764,14475.7894736842,Wrong Size,Approved,18992.1052631579,2025-05-21
RET162,2025-06-11,ORD162,CUST162,PROD162,Mouse,Electronics,South,Hyderabad,5.61739235975182,14463.8345864661,Defective,Approved,18997.3684210526,2025-05-22
RET163,2025-06-12,ORD163,CUST163,PROD163,Desk,Furniture,East,Kolkata,5.65460940098601,14451.8796992481,Changed Mind,Rejected,19002.6315789474,2025-05-23
RET164,2025-06-13,ORD164,CUST164,PROD164,Camera,Electronics,West,Mumbai,5.6918264422202,14439.9248120301,Damaged,Approved,19007.8947368421,2025-05-24
RET165,2025-06-14,ORD165,CUST165,PROD165,Sneakers,Fashion,South,Bengaluru,5.72904348345438,14427.969924812,Wrong Size,Approved,19013.1578947368,2025-05-25
RET166,2025-06-15,ORD166,CUST166,PROD166,Air Conditioner,Electronics,North,Delhi,5.76626052468857,14416.015037594,Defective,Approved,19018.4210526316,2025-05-26
RET167,2025-06-16,ORD167,CUST167,PROD167,Laptop,Electronics,South,Bengaluru,5.80347756592276,14404.0601503759,Damaged,Approved,19023.6842105263,2025-05-27
RET168,2025-06-17,ORD168,CUST168,PROD168,Mobile Phone,Electronics,West,Mumbai,5.84069460715694,14392.1052631579,Wrong Item,Approved,19028.9473684211,2025-05-28
RET169,2025-06-18,ORD169,CUST169,PROD169,Office Chair,Furniture,South,Chennai,5.87791164839113,14380.1503759398,Defective,Approved,19034.2105263158,2025-05-29
RET170,2025-06-19,ORD170,CUST170,PROD170,Headphones,Electronics,North,Delhi,5.91512868962532,14368.1954887218,Changed Mind,Pending,19039.4736842105,2025-05-30
RET171,2025-06-20,ORD171,CUST171,PROD171,Shoes,Fashion,West,Pune,5.9523457308595,14356.2406015037,Wrong Size,Approved,19044.7368421053,2025-05-31
RET172,2025-06-21,ORD172,CUST172,PROD172,Keyboard,Electronics,South,Hyderabad,5.98956277209369,14344.2857142857,Damaged,Approved,19050.0,2025-06-01
RET173,2025-06-22,ORD173,CUST173,PROD173,Monitor,Electronics,East,Kolkata,6.02677981332788,14332.3308270677,Defective,Approved,19055.2631578947,2025-06-02
RET174,2025-06-23,ORD174,CUST174,PROD174,T-Shirt,Fashion,South,Bengaluru,6.06399685456206,14320.3759398496,Wrong Size,Approved,19060.5263157895,2025-06-03
RET175,2025-06-24,ORD175,CUST175,PROD175,Table,Furniture,North,Delhi,6.10121389579625,14308.4210526316,Damaged,Rejected,19065.7894736842,2025-06-04
RET176,2025-06-25,ORD176,CUST176,PROD176,Tablet,Electronics,West,Mumbai,6.13843093703044,14296.4661654135,Changed Mind,Approved,19071.052631579,2025-06-05
RET177,2025-06-26,ORD177,CUST177,PROD177,Jeans,Fashion,South,Chennai,6.17564797826462,14284.5112781955,Wrong Size,Approved,19076.3157894737,2025-06-06
RET178,2025-06-27,ORD178,CUST178,PROD178,Printer,Electronics,East,Kolkata,6.21286501949881,14272.5563909774,Defective,Approved,19081.5789473684,2025-06-07
RET179,2025-06-28,ORD179,CUST179,PROD179,Sofa,Furniture,South,Bengaluru,6.25008206073299,14260.6015037594,Damaged,Pending,19086.8421052632,2025-06-08
RET180,2025-06-29,ORD180,CUST180,PROD180,Smart Watch,Electronics,West,Pune,6.28729910196718,14248.6466165413,Wrong Item,Approved,19092.1052631579,2025-06-09
RET181,2025-06-30,ORD181,CUST181,PROD181,Jacket,Fashion,North,Delhi,6.32451614320137,14236.6917293233,Wrong Size,Approved,19097.3684210526,2025-06-10
RET182,2025-07-01,ORD182,CUST182,PROD182,Mouse,Electronics,South,Hyderabad,6.36173318443555,14224.7368421052,Defective,Approved,19102.6315789474,2025-06-11
RET183,2025-07-02,ORD183,CUST183,PROD183,Desk,Furniture,East,Kolkata,6.39895022566974,14212.7819548872,Changed Mind,Rejected,19107.8947368421,2025-06-12
RET184,2025-07-03,ORD184,CUST184,PROD184,Camera,Electronics,West,Mumbai,6.43616726690393,14200.8270676692,Damaged,Approved,19113.1578947368,2025-06-13
RET185,2025-07-04,ORD185,CUST185,PROD185,Sneakers,Fashion,South,Bengaluru,6.47338430813811,14188.8721804511,Wrong Size,Approved,19118.4210526316,2025-06-14
RET186,2025-07-05,ORD186,CUST186,PROD186,Air Conditioner,Electronics,North,Delhi,6.5106013493723,14176.9172932331,Defective,Approved,19123.6842105263,2025-06-15
RET187,2025-07-06,ORD187,CUST187,PROD187,Laptop,Electronics,South,Bengaluru,6.54781839060649,14164.962406015,Damaged,Approved,19128.9473684211,2025-06-16
RET188,2025-07-07,ORD188,CUST188,PROD188,Mobile Phone,Electronics,West,Mumbai,6.58503543184067,14153.007518797,Wrong Item,Approved,19134.2105263158,2025-06-17
RET189,2025-07-08,ORD189,CUST189,PROD189,Office Chair,Furniture,South,Chennai,6.62225247307486,14141.0526315789,Defective,Approved,19139.4736842105,2025-06-18
RET190,2025-07-09,ORD190,CUST190,PROD190,Headphones,Electronics,North,Delhi,6.65946951430905,14129.0977443609,Changed Mind,Pending,19144.7368421053,2025-06-19
RET191,2025-07-10,ORD191,CUST191,PROD191,Shoes,Fashion,West,Pune,6.69668655554323,14117.1428571428,Wrong Size,Approved,19150.0,2025-06-20
RET192,2025-07-11,ORD192,CUST192,PROD192,Keyboard,Electronics,South,Hyderabad,6.73390359677742,14105.1879699248,Damaged,Approved,19155.2631578947,2025-06-21
RET193,2025-07-12,ORD193,CUST193,PROD193,Monitor,Electronics,East,Kolkata,6.77112063801161,14093.2330827067,Defective,Approved,19160.5263157895,2025-06-22
RET194,2025-07-13,ORD194,CUST194,PROD194,T-Shirt,Fashion,South,Bengaluru,6.80833767924579,14081.2781954887,Wrong Size,Approved,19165.7894736842,2025-06-23
RET195,2025-07-14,ORD195,CUST195,PROD195,Table,Furniture,North,Delhi,6.84555472047998,14069.3233082707,Damaged,Rejected,19171.052631579,2025-06-24
RET196,2025-07-15,ORD196,CUST196,PROD196,Tablet,Electronics,West,Mumbai,6.88277176171417,14057.3684210526,Changed Mind,Approved,19176.3157894737,2025-06-25
RET197,2025-07-16,ORD197,CUST197,PROD197,Jeans,Fashion,South,Chennai,6.91998880294835,14045.4135338346,Wrong Size,Approved,19181.5789473684,2025-06-26
RET198,2025-07-17,ORD198,CUST198,PROD198,Printer,Electronics,East,Kolkata,6.95720584418254,14033.4586466165,Defective,Approved,19186.8421052632,2025-06-27
RET199,2025-07-18,ORD199,CUST199,PROD199,Sofa,Furniture,South,Bengaluru,6.99442288541673,14021.5037593985,Damaged,Pending,19192.1052631579,2025-06-28
RET200,2025-07-19,ORD200,CUST200,PROD200,Smart Watch,Electronics,West,Pune,7.03163992665091,14009.5488721804,Wrong Item,Approved,19197.3684210526,2025-06-29
RET201,2025-07-20,ORD201,CUST201,PROD201,Jacket,Fashion,North,Delhi,7.0688569678851,13997.5939849624,Wrong Size,Approved,19202.6315789474,2025-06-30
RET202,2025-07-21,ORD202,CUST202,PROD202,Mouse,Electronics,South,Hyderabad,7.10607400911929,13985.6390977443,Defective,Approved,19207.8947368421,2025-07-01
RET203,2025-07-22,ORD203,CUST203,PROD203,Desk,Furniture,East,Kolkata,7.14329105035347,13973.6842105263,Changed Mind,Rejected,19213.1578947368,2025-07-02
RET204,2025-07-23,ORD204,CUST204,PROD204,Camera,Electronics,West,Mumbai,7.18050809158766,13961.7293233082,Damaged,Approved,19218.4210526316,2025-07-03
RET205,2025-07-24,ORD205,CUST205,PROD205,Sneakers,Fashion,South,Bengaluru,7.21772513282184,13949.7744360902,Wrong Size,Approved,19223.6842105263,2025-07-04
RET206,2025-07-25,ORD206,CUST206,PROD206,Air Conditioner,Electronics,North,Delhi,7.25494217405603,13937.8195488722,Defective,Approved,19228.9473684211,2025-07-05
RET207,2025-07-26,ORD207,CUST207,PROD207,Laptop,Electronics,South,Bengaluru,7.29215921529022,13925.8646616541,Damaged,Approved,19234.2105263158,2025-07-06
RET208,2025-07-27,ORD208,CUST208,PROD208,Mobile Phone,Electronics,West,Mumbai,7.3293762565244,13913.9097744361,Wrong Item,Approved,19239.4736842105,2025-07-07
RET209,2025-07-28,ORD209,CUST209,PROD209,Office Chair,Furniture,South,Chennai,7.36659329775859,13901.954887218,Defective,Approved,19244.7368421053,2025-07-08
RET210,2025-07-29,ORD210,CUST210,PROD210,Headphones,Electronics,North,Delhi,7.40381033899278,13890.0,Changed Mind,Pending,19250.0,2025-07-09
RET211,2025-07-30,ORD211,CUST211,PROD211,Shoes,Fashion,West,Pune,7.44102738022696,13878.0451127819,Wrong Size,Approved,19255.2631578947,2025-07-10
RET212,2025-07-31,ORD212,CUST212,PROD212,Keyboard,Electronics,South,Hyderabad,7.47824442146115,13866.0902255639,Damaged,Approved,19260.5263157895,2025-07-11
RET213,2025-08-01,ORD213,CUST213,PROD213,Monitor,Electronics,East,Kolkata,7.51546146269534,13854.1353383458,Defective,Approved,19265.7894736842,2025-07-12
RET214,2025-08-02,ORD214,CUST214,PROD214,T-Shirt,Fashion,South,Bengaluru,7.55267850392952,13842.1804511278,Wrong Size,Approved,19271.052631579,2025-07-13
RET215,2025-08-03,ORD215,CUST215,PROD215,Table,Furniture,North,Delhi,7.58989554516371,13830.2255639098,Damaged,Rejected,19276.3157894737,2025-07-14
RET216,2025-08-04,ORD216,CUST216,PROD216,Tablet,Electronics,West,Mumbai,7.6271125863979,13818.2706766917,Changed Mind,Approved,19281.5789473684,2025-07-15
RET217,2025-08-05,ORD217,CUST217,PROD217,Jeans,Fashion,South,Chennai,7.66432962763208,13806.3157894737,Wrong Size,Approved,19286.8421052632,2025-07-16
RET218,2025-08-06,ORD218,CUST218,PROD218,Printer,Electronics,East,Kolkata,7.70154666886627,13794.3609022556,Defective,Approved,19292.1052631579,2025-07-17
RET219,2025-08-07,ORD219,CUST219,PROD219,Sofa,Furniture,South,Bengaluru,7.73876371010046,13782.4060150376,Damaged,Pending,19297.3684210526,2025-07-18
RET220,2025-08-08,ORD220,CUST220,PROD220,Smart Watch,Electronics,West,Pune,7.77598075133464,13770.4511278195,Wrong Item,Approved,19302.6315789474,2025-07-19
RET221,2025-08-09,ORD221,CUST221,PROD221,Jacket,Fashion,North,Delhi,7.81319779256883,13758.4962406015,Wrong Size,Approved,19307.8947368421,2025-07-20
RET222,2025-08-10,ORD222,CUST222,PROD222,Mouse,Electronics,South,Hyderabad,7.85041483380302,13746.5413533834,Defective,Approved,19313.1578947369,2025-07-21
RET223,2025-08-11,ORD223,CUST223,PROD223,Desk,Furniture,East,Kolkata,7.8876318750372,13734.5864661654,Changed Mind,Rejected,19318.4210526316,2025-07-22
RET224,2025-08-12,ORD224,CUST224,PROD224,Camera,Electronics,West,Mumbai,7.92484891627139,13722.6315789473,Damaged,Approved,19323.6842105263,2025-07-23
RET225,2025-08-13,ORD225,CUST225,PROD225,Sneakers,Fashion,South,Bengaluru,7.96206595750558,13710.6766917293,Wrong Size,Approved,19328.9473684211,2025-07-24
RET226,2025-08-14,ORD226,CUST226,PROD226,Air Conditioner,Electronics,North,Delhi,7.99928299873976,13698.7218045113,Defective,Approved,19334.2105263158,2025-07-25
RET227,2025-08-15,ORD227,CUST227,PROD227,Laptop,Electronics,South,Bengaluru,8.03650003997396,13686.7669172932,Damaged,Approved,19339.4736842105,2025-07-26
RET228,2025-08-16,ORD228,CUST228,PROD228,Mobile Phone,Electronics,West,Mumbai,8.07371708120813,13674.8120300752,Wrong Item,Approved,19344.7368421053,2025-07-27
RET229,2025-08-17,ORD229,CUST229,PROD229,Office Chair,Furniture,South,Chennai,8.11093412244233,13662.8571428571,Defective,Approved,19350.0,2025-07-28
RET230,2025-08-18,ORD230,CUST230,PROD230,Headphones,Electronics,North,Delhi,8.14815116367651,13650.9022556391,Changed Mind,Pending,19355.2631578947,2025-07-29
RET231,2025-08-19,ORD231,CUST231,PROD231,Shoes,Fashion,West,Pune,8.1853682049107,13638.947368421,Wrong Size,Approved,19360.5263157895,2025-07-30
RET232,2025-08-20,ORD232,CUST232,PROD232,Keyboard,Electronics,South,Hyderabad,8.22258524614488,13626.992481203,Damaged,Approved,19365.7894736842,2025-07-31
RET233,2025-08-21,ORD233,CUST233,PROD233,Monitor,Electronics,East,Kolkata,8.25980228737907,13615.0375939849,Defective,Approved,19371.052631579,2025-08-01
RET234,2025-08-22,ORD234,CUST234,PROD234,T-Shirt,Fashion,South,Bengaluru,8.29701932861327,13603.0827067669,Wrong Size,Approved,19376.3157894737,2025-08-02
RET235,2025-08-23,ORD235,CUST235,PROD235,Table,Furniture,North,Delhi,8.33423636984744,13591.1278195488,Damaged,Rejected,19381.5789473684,2025-08-03
RET236,2025-08-24,ORD236,CUST236,PROD236,Tablet,Electronics,West,Mumbai,8.37145341108164,13579.1729323308,Changed Mind,Approved,19386.8421052632,2025-08-04
RET237,2025-08-25,ORD237,CUST237,PROD237,Jeans,Fashion,South,Chennai,8.40867045231581,13567.2180451128,Wrong Size,Approved,19392.1052631579,2025-08-05
RET238,2025-08-26,ORD238,CUST238,PROD238,Printer,Electronics,East,Kolkata,8.44588749355001,13555.2631578947,Defective,Approved,19397.3684210526,2025-08-06
RET239,2025-08-27,ORD239,CUST239,PROD239,Sofa,Furniture,South,Bengaluru,8.48310453478419,13543.3082706767,Damaged,Pending,19402.6315789474,2025-08-07
RET240,2025-08-28,ORD240,CUST240,PROD240,Smart Watch,Electronics,West,Pune,8.52032157601837,13531.3533834586,Wrong Item,Approved,19407.8947368421,2025-08-08
RET241,2025-08-29,ORD241,CUST241,PROD241,Jacket,Fashion,North,Delhi,8.55753861725256,13519.3984962406,Wrong Size,Approved,19413.1578947369,2025-08-09
RET242,2025-08-30,ORD242,CUST242,PROD242,Mouse,Electronics,South,Hyderabad,8.59475565848675,13507.4436090225,Defective,Approved,19418.4210526316,2025-08-10
RET243,2025-08-31,ORD243,CUST243,PROD243,Desk,Furniture,East,Kolkata,8.63197269972093,13495.4887218045,Changed Mind,Rejected,19423.6842105263,2025-08-11
RET244,2025-09-01,ORD244,CUST244,PROD244,Camera,Electronics,West,Mumbai,8.66918974095512,13483.5338345864,Damaged,Approved,19428.9473684211,2025-08-12
RET245,2025-09-02,ORD245,CUST245,PROD245,Sneakers,Fashion,South,Bengaluru,8.70640678218931,13471.5789473684,Wrong Size,Approved,19434.2105263158,2025-08-13
RET246,2025-09-03,ORD246,CUST246,PROD246,Air Conditioner,Electronics,North,Delhi,8.74362382342349,13459.6240601504,Defective,Approved,19439.4736842105,2025-08-14
RET247,2025-09-04,ORD247,CUST247,PROD247,Laptop,Electronics,South,Bengaluru,8.78084086465768,13447.6691729323,Damaged,Approved,19444.7368421053,2025-08-15
RET248,2025-09-05,ORD248,CUST248,PROD248,Mobile Phone,Electronics,West,Mumbai,8.81805790589187,13435.7142857143,Wrong Item,Approved,19450.0,2025-08-16
RET249,2025-09-06,ORD249,CUST249,PROD249,Office Chair,Furniture,South,Chennai,8.85527494712605,13423.7593984962,Defective,Approved,19455.2631578947,2025-08-17
RET250,2025-09-07,ORD250,CUST250,PROD250,Headphones,Electronics,North,Delhi,8.89249198836024,13411.8045112782,Changed Mind,Pending,19460.5263157895,2025-08-18
RET251,2025-09-08,ORD251,CUST251,PROD251,Shoes,Fashion,West,Pune,8.92970902959443,13399.8496240601,Wrong Size,Approved,19465.7894736842,2025-08-19
RET252,2025-09-09,ORD252,CUST252,PROD252,Keyboard,Electronics,South,Hyderabad,8.96692607082861,13387.8947368421,Damaged,Approved,19471.052631579,2025-08-20
RET253,2025-09-10,ORD253,CUST253,PROD253,Monitor,Electronics,East,Kolkata,9.0041431120628,13375.939849624,Defective,Approved,19476.3157894737,2025-08-21
RET254,2025-09-11,ORD254,CUST254,PROD254,T-Shirt,Fashion,South,Bengaluru,9.04136015329699,13363.984962406,Wrong Size,Approved,19481.5789473684,2025-08-22
RET255,2025-09-12,ORD255,CUST255,PROD255,Table,Furniture,North,Delhi,9.07857719453117,13352.0300751879,Damaged,Rejected,19486.8421052632,2025-08-23
RET256,2025-09-13,ORD256,CUST256,PROD256,Tablet,Electronics,West,Mumbai,9.11579423576536,13340.0751879699,Changed Mind,Approved,19492.1052631579,2025-08-24
RET257,2025-09-14,ORD257,CUST257,PROD257,Jeans,Fashion,South,Chennai,9.15301127699956,13328.1203007519,Wrong Size,Approved,19497.3684210526,2025-08-25
RET258,2025-09-15,ORD258,CUST258,PROD258,Printer,Electronics,East,Kolkata,9.19022831823373,13316.1654135338,Defective,Approved,19502.6315789474,2025-08-26
RET259,2025-09-16,ORD259,CUST259,PROD259,Sofa,Furniture,South,Bengaluru,9.22744535946793,13304.2105263158,Damaged,Pending,19507.8947368421,2025-08-27
RET260,2025-09-17,ORD260,CUST260,PROD260,Smart Watch,Electronics,West,Pune,9.2646624007021,13292.2556390977,Wrong Item,Approved,19513.1578947369,2025-08-28
RET261,2025-09-18,ORD261,CUST261,PROD261,Jacket,Fashion,North,Delhi,9.3018794419363,13280.3007518797,Wrong Size,Approved,19518.4210526316,2025-08-29
RET262,2025-09-19,ORD262,CUST262,PROD262,Mouse,Electronics,South,Hyderabad,9.33909648317048,13268.3458646616,Defective,Approved,19523.6842105263,2025-08-30
RET263,2025-09-20,ORD263,CUST263,PROD263,Desk,Furniture,East,Kolkata,9.37631352440467,13256.3909774436,Changed Mind,Rejected,19528.9473684211,2025-08-31
RET264,2025-09-21,ORD264,CUST264,PROD264,Camera,Electronics,West,Mumbai,9.41353056563885,13244.4360902255,Damaged,Approved,19534.2105263158,2025-09-01
RET265,2025-09-22,ORD265,CUST265,PROD265,Sneakers,Fashion,South,Bengaluru,9.45074760687304,13232.4812030075,Wrong Size,Approved,19539.4736842105,2025-09-02
RET266,2025-09-23,ORD266,CUST266,PROD266,Air Conditioner,Electronics,North,Delhi,9.48796464810722,13220.5263157894,Defective,Approved,19544.7368421053,2025-09-03
RET267,2025-09-24,ORD267,CUST267,PROD267,Laptop,Electronics,South,Bengaluru,9.52518168934141,13208.5714285714,Damaged,Approved,19550.0,2025-09-04
RET268,2025-09-25,ORD268,CUST268,PROD268,Mobile Phone,Electronics,West,Mumbai,9.5623987305756,13196.6165413534,Wrong Item,Approved,19555.2631578947,2025-09-05
RET269,2025-09-26,ORD269,CUST269,PROD269,Office Chair,Furniture,South,Chennai,9.59961577180978,13184.6616541353,Defective,Approved,19560.5263157895,2025-09-06
RET270,2025-09-27,ORD270,CUST270,PROD270,Headphones,Electronics,North,Delhi,9.63683281304399,13172.7067669173,Changed Mind,Pending,19565.7894736842,2025-09-07
RET271,2025-09-28,ORD271,CUST271,PROD271,Shoes,Fashion,West,Pune,9.67404985427819,13160.7518796992,Wrong Size,Approved,19571.052631579,2025-09-08
RET272,2025-09-29,ORD272,CUST272,PROD272,Keyboard,Electronics,South,Hyderabad,9.7112668955124,13148.7969924812,Damaged,Approved,19576.3157894737,2025-09-09
RET273,2025-09-30,ORD273,CUST273,PROD273,Monitor,Electronics,East,Kolkata,9.74848393674649,13136.8421052631,Defective,Approved,19581.5789473684,2025-09-10
RET274,2025-10-01,ORD274,CUST274,PROD274,T-Shirt,Fashion,South,Bengaluru,9.78570097798069,13124.8872180451,Wrong Size,Approved,19586.8421052632,2025-09-11
RET275,2025-10-02,ORD275,CUST275,PROD275,Table,Furniture,North,Delhi,9.82291801921489,13112.932330827,Damaged,Rejected,19592.1052631579,2025-09-12
RET276,2025-10-03,ORD276,CUST276,PROD276,Tablet,Electronics,West,Mumbai,9.86013506044909,13100.977443609,Changed Mind,Approved,19597.3684210526,2025-09-13
RET277,2025-10-04,ORD277,CUST277,PROD277,Jeans,Fashion,South,Chennai,9.89735210168329,13089.022556391,Wrong Size,Approved,19602.6315789474,2025-09-14
RET278,2025-10-05,ORD278,CUST278,PROD278,Printer,Electronics,East,Kolkata,9.93456914291749,13077.0676691729,Defective,Approved,19607.8947368421,2025-09-15
RET279,2025-10-06,ORD279,CUST279,PROD279,Sofa,Furniture,South,Bengaluru,9.97178618415169,13065.1127819549,Damaged,Pending,19613.1578947369,2025-09-16
RET280,2025-10-07,ORD280,CUST280,PROD280,Smart Watch,Electronics,West,Pune,10.0090032253858,13053.1578947368,Wrong Item,Approved,19618.4210526316,2025-09-17
RET281,2025-10-08,ORD281,CUST281,PROD281,Jacket,Fashion,North,Delhi,10.04622026662,13041.2030075188,Wrong Size,Approved,19623.6842105263,2025-09-18
RET282,2025-10-09,ORD282,CUST282,PROD282,Mouse,Electronics,South,Hyderabad,10.0834373078542,13029.2481203007,Defective,Approved,19628.9473684211,2025-09-19
RET283,2025-10-10,ORD283,CUST283,PROD283,Desk,Furniture,East,Kolkata,10.1206543490884,13017.2932330827,Changed Mind,Rejected,19634.2105263158,2025-09-20
RET284,2025-10-11,ORD284,CUST284,PROD284,Camera,Electronics,West,Mumbai,10.1578713903226,13005.3383458646,Damaged,Approved,19639.4736842105,2025-09-21
RET285,2025-10-12,ORD285,CUST285,PROD285,Sneakers,Fashion,South,Bengaluru,10.1950884315568,12993.3834586466,Wrong Size,Approved,19644.7368421053,2025-09-22
RET286,2025-10-13,ORD286,CUST286,PROD286,Air Conditioner,Electronics,North,Delhi,10.232305472791,12981.4285714285,Defective,Approved,19650.0,2025-09-23
RET287,2025-10-14,ORD287,CUST287,PROD287,Laptop,Electronics,South,Bengaluru,10.2695225140252,12969.4736842105,Damaged,Approved,19655.2631578947,2025-09-24
RET288,2025-10-15,ORD288,CUST288,PROD288,Mobile Phone,Electronics,West,Mumbai,10.3067395552593,12957.5187969925,Wrong Item,Approved,19660.5263157895,2025-09-25
RET289,2025-10-16,ORD289,CUST289,PROD289,Office Chair,Furniture,South,Chennai,10.3439565964935,12945.5639097744,Defective,Approved,19665.7894736842,2025-09-26
RET290,2025-10-17,ORD290,CUST290,PROD290,Headphones,Electronics,North,Delhi,10.3811736377277,12933.6090225564,Changed Mind,Pending,19671.052631579,2025-09-27
RET291,2025-10-18,ORD291,CUST291,PROD291,Shoes,Fashion,West,Pune,10.4183906789619,12921.6541353383,Wrong Size,Approved,19676.3157894737,2025-09-28
RET292,2025-10-19,ORD292,CUST292,PROD292,Keyboard,Electronics,South,Hyderabad,10.4556077201961,12909.6992481203,Damaged,Approved,19681.5789473684,2025-09-29
RET293,2025-10-20,ORD293,CUST293,PROD293,Laptop,Electronics,South,Bengaluru,10.4928247614303,12897.7443609022,Damaged,Approved,19686.8421052632,2025-09-30
RET294,2025-10-21,ORD294,CUST294,PROD294,Mobile Phone,Electronics,West,Mumbai,10.5300418026645,12885.7894736842,Wrong Item,Approved,19692.1052631579,2025-10-01
RET295,2025-10-22,ORD295,CUST295,PROD295,Office Chair,Furniture,South,Chennai,10.5672588438986,12873.8345864661,Defective,Approved,19697.3684210526,2025-10-02
RET296,2025-10-23,ORD296,CUST296,PROD296,Headphones,Electronics,North,Delhi,10.6044758851328,12861.8796992481,Changed Mind,Pending,19702.6315789474,2025-10-03
RET297,2025-10-24,ORD297,CUST297,PROD297,Shoes,Fashion,West,Pune,10.641692926367,12849.92481203,Wrong Size,Approved,19707.8947368421,2025-10-04
RET298,2025-10-25,ORD298,CUST298,PROD298,Keyboard,Electronics,South,Hyderabad,10.6789099676012,12837.969924812,Damaged,Approved,19713.1578947369,2025-10-05
RET299,2025-10-26,ORD299,CUST299,PROD299,Monitor,Electronics,East,Kolkata,10.7161270088354,12826.015037594,Defective,Approved,19718.4210526316,2025-10-06
RET300,2025-10-27,ORD300,CUST300,PROD300,T-Shirt,Fashion,South,Bengaluru,10.7533440500696,12814.0601503759,Wrong Size,Approved,19723.6842105263,2025-10-07
RET301,2025-10-28,ORD301,CUST301,PROD301,Table,Furniture,North,Delhi,10.7905610913038,12802.1052631579,Damaged,Rejected,19728.9473684211,2025-10-08
RET302,2025-10-29,ORD302,CUST302,PROD302,Tablet,Electronics,West,Mumbai,10.8277781325379,12790.1503759398,Changed Mind,Approved,19734.2105263158,2025-10-09
RET303,2025-10-30,ORD303,CUST303,PROD303,Jeans,Fashion,South,Chennai,10.8649951737721,12778.1954887218,Wrong Size,Approved,19739.4736842105,2025-10-10
RET304,2025-10-31,ORD304,CUST304,PROD304,Printer,Electronics,East,Kolkata,10.9022122150063,12766.2406015037,Defective,Approved,19744.7368421053,2025-10-11
RET305,2025-11-01,ORD305,CUST305,PROD305,Sofa,Furniture,South,Bengaluru,10.9394292562405,12754.2857142857,Damaged,Pending,19750.0,2025-10-12
RET306,2025-11-02,ORD306,CUST306,PROD306,Smart Watch,Electronics,West,Pune,10.9766462974747,12742.3308270676,Wrong Item,Approved,19755.2631578947,2025-10-13
RET307,2025-11-03,ORD307,CUST307,PROD307,Jacket,Fashion,North,Delhi,11.0138633387089,12730.3759398496,Wrong Size,Approved,19760.5263157895,2025-10-14
RET308,2025-11-04,ORD308,CUST308,PROD308,Mouse,Electronics,South,Hyderabad,11.0510803799431,12718.4210526315,Defective,Approved,19765.7894736842,2025-10-15
RET309,2025-11-05,ORD309,CUST309,PROD309,Desk,Furniture,East,Kolkata,11.0882974211773,12706.4661654135,Changed Mind,Rejected,19771.052631579,2025-10-16
RET310,2025-11-06,ORD310,CUST310,PROD310,Camera,Electronics,West,Mumbai,11.1255144624114,12694.5112781955,Damaged,Approved,19776.3157894737,2025-10-17
RET311,2025-11-07,ORD311,CUST311,PROD311,Sneakers,Fashion,South,Bengaluru,11.1627315036456,12682.5563909774,Wrong Size,Approved,19781.5789473684,2025-10-18
RET312,2025-11-08,ORD312,CUST312,PROD312,Air Conditioner,Electronics,North,Delhi,11.1999485448798,12670.6015037594,Defective,Approved,19786.8421052632,2025-10-19
RET313,2025-11-09,ORD313,CUST313,PROD313,Laptop,Electronics,South,Bengaluru,11.237165586114,12658.6466165413,Damaged,Approved,19792.1052631579,2025-10-20
RET314,2025-11-10,ORD314,CUST314,PROD314,Mobile Phone,Electronics,West,Mumbai,11.2743826273482,12646.6917293233,Wrong Item,Approved,19797.3684210526,2025-10-21
RET315,2025-11-11,ORD315,CUST315,PROD315,Office Chair,Furniture,South,Chennai,11.3115996685824,12634.7368421052,Defective,Approved,19802.6315789474,2025-10-22
RET316,2025-11-12,ORD316,CUST316,PROD316,Headphones,Electronics,North,Delhi,11.3488167098166,12622.7819548872,Changed Mind,Pending,19807.8947368421,2025-10-23
RET317,2025-11-13,ORD317,CUST317,PROD317,Shoes,Fashion,West,Pune,11.3860337510507,12610.8270676691,Wrong Size,Approved,19813.1578947369,2025-10-24
RET318,2025-11-14,ORD318,CUST318,PROD318,Keyboard,Electronics,South,Hyderabad,11.4232507922849,12598.8721804511,Damaged,Approved,19818.4210526316,2025-10-25
RET319,2025-11-15,ORD319,CUST319,PROD319,Monitor,Electronics,East,Kolkata,11.4604678335191,12586.9172932331,Defective,Approved,19823.6842105263,2025-10-26
RET320,2025-11-16,ORD320,CUST320,PROD320,T-Shirt,Fashion,South,Bengaluru,11.4976848747533,12574.962406015,Wrong Size,Approved,19828.9473684211,2025-10-27
RET321,2025-11-17,ORD321,CUST321,PROD321,Table,Furniture,North,Delhi,11.5349019159875,12563.007518797,Damaged,Rejected,19834.2105263158,2025-10-28
RET322,2025-11-18,ORD322,CUST322,PROD322,Tablet,Electronics,West,Mumbai,11.5721189572217,12551.0526315789,Changed Mind,Approved,19839.4736842105,2025-10-29
RET323,2025-11-19,ORD323,CUST323,PROD323,Jeans,Fashion,South,Chennai,11.6093359984559,12539.0977443609,Wrong Size,Approved,19844.7368421053,2025-10-30
RET324,2025-11-20,ORD324,CUST324,PROD324,Printer,Electronics,East,Kolkata,11.6465530396901,12527.1428571428,Defective,Approved,19850.0,2025-10-31
RET325,2025-11-21,ORD325,CUST325,PROD325,Sofa,Furniture,South,Bengaluru,11.6837700809242,12515.1879699248,Damaged,Pending,19855.2631578947,2025-11-01
RET326,2025-11-22,ORD326,CUST326,PROD326,Smart Watch,Electronics,West,Pune,11.7209871221584,12503.2330827067,Wrong Item,Approved,19860.5263157895,2025-11-02
RET327,2025-11-23,ORD327,CUST327,PROD327,Jacket,Fashion,North,Delhi,11.7582041633926,12491.2781954887,Wrong Size,Approved,19865.7894736842,2025-11-03
RET328,2025-11-24,ORD328,CUST328,PROD328,Mouse,Electronics,South,Hyderabad,11.7954212046268,12479.3233082706,Defective,Approved,19871.052631579,2025-11-04
RET329,2025-11-25,ORD329,CUST329,PROD329,Desk,Furniture,East,Kolkata,11.832638245861,12467.3684210526,Changed Mind,Rejected,19876.3157894737,2025-11-05
RET330,2025-11-26,ORD330,CUST330,PROD330,Camera,Electronics,West,Mumbai,11.8698552870952,12455.4135338346,Damaged,Approved,19881.5789473684,2025-11-06
RET331,2025-11-27,ORD331,CUST331,PROD331,Sneakers,Fashion,South,Bengaluru,11.9070723283294,12443.4586466165,Wrong Size,Approved,19886.8421052632,2025-11-07
RET332,2025-11-28,ORD332,CUST332,PROD332,Air Conditioner,Electronics,North,Delhi,11.9442893695635,12431.5037593985,Defective,Approved,19892.1052631579,2025-11-08
RET333,2025-11-29,ORD333,CUST333,PROD333,Laptop,Electronics,South,Bengaluru,11.9815064107977,12419.5488721804,Damaged,Approved,19897.3684210526,2025-11-09
RET334,2025-11-30,ORD334,CUST334,PROD334,Mobile Phone,Electronics,West,Mumbai,12.0187234520319,12407.5939849624,Wrong Item,Approved,19902.6315789474,2025-11-10
RET335,2025-12-01,ORD335,CUST335,PROD335,Office Chair,Furniture,South,Chennai,12.0559404932661,12395.6390977443,Defective,Approved,19907.8947368421,2025-11-11
RET336,2025-12-02,ORD336,CUST336,PROD336,Headphones,Electronics,North,Delhi,12.0931575345003,12383.6842105263,Changed Mind,Pending,19913.1578947369,2025-11-12
RET337,2025-12-03,ORD337,CUST337,PROD337,Shoes,Fashion,West,Pune,12.1303745757345,12371.7293233082,Wrong Size,Approved,19918.4210526316,2025-11-13
RET338,2025-12-04,ORD338,CUST338,PROD338,Keyboard,Electronics,South,Hyderabad,12.1675916169687,12359.7744360902,Damaged,Approved,19923.6842105263,2025-11-14
RET339,2025-12-05,ORD339,CUST339,PROD339,Monitor,Electronics,East,Kolkata,12.2048086582029,12347.8195488721,Defective,Approved,19928.9473684211,2025-11-15
RET340,2025-12-06,ORD340,CUST340,PROD340,T-Shirt,Fashion,South,Bengaluru,12.242025699437,12335.8646616541,Wrong Size,Approved,19934.2105263158,2025-11-16
RET341,2025-12-07,ORD341,CUST341,PROD341,Table,Furniture,North,Delhi,12.2792427406712,12323.9097744361,Damaged,Rejected,19939.4736842105,2025-11-17
RET342,2025-12-08,ORD342,CUST342,PROD342,Tablet,Electronics,West,Mumbai,12.3164597819054,12311.954887218,Changed Mind,Approved,19944.7368421053,2025-11-18
RET343,2025-12-09,ORD343,CUST343,PROD343,Jeans,Fashion,South,Chennai,12.3536768231396,12300.0,Wrong Size,Approved,19950.0,2025-11-19
RET344,2025-12-10,ORD344,CUST344,PROD344,Printer,Electronics,East,Kolkata,12.3908938643738,12288.0451127819,Defective,Approved,19955.2631578947,2025-11-20
RET345,2025-12-11,ORD345,CUST345,PROD345,Sofa,Furniture,South,Bengaluru,12.428110905608,12276.0902255639,Damaged,Pending,19960.5263157895,2025-11-21
RET346,2025-12-12,ORD346,CUST346,PROD346,Smart Watch,Electronics,West,Pune,12.4653279468422,12264.1353383458,Wrong Item,Approved,19965.7894736842,2025-11-22
RET347,2025-12-13,ORD347,CUST347,PROD347,Jacket,Fashion,North,Delhi,12.5025449880763,12252.1804511278,Wrong Size,Approved,19971.052631579,2025-11-23
RET348,2025-12-14,ORD348,CUST348,PROD348,Mouse,Electronics,South,Hyderabad,12.5397620293105,12240.2255639097,Defective,Approved,19976.3157894737,2025-11-24
RET349,2025-12-15,ORD349,CUST349,PROD349,Desk,Furniture,East,Kolkata,12.5769790705447,12228.2706766917,Changed Mind,Rejected,19981.5789473684,2025-11-25
RET350,2025-12-16,ORD350,CUST350,PROD350,Camera,Electronics,West,Mumbai,12.6141961117789,12216.3157894737,Damaged,Approved,19986.8421052632,2025-11-26
RET351,2025-12-17,ORD351,CUST351,PROD351,Sneakers,Fashion,South,Bengaluru,12.6514131530131,12204.3609022556,Wrong Size,Approved,19992.1052631579,2025-11-27
RET352,2025-12-18,ORD352,CUST352,PROD352,Air Conditioner,Electronics,North,Delhi,12.6886301942473,12192.4060150376,Defective,Approved,19997.3684210526,2025-11-28
RET353,2025-12-19,ORD353,CUST353,PROD353,Laptop,Electronics,South,Bengaluru,12.7258472354815,12180.4511278195,Damaged,Approved,20002.6315789474,2025-11-29
RET354,2025-12-20,ORD354,CUST354,PROD354,Mobile Phone,Electronics,West,Mumbai,12.7630642767156,12168.4962406015,Wrong Item,Approved,20007.8947368421,2025-11-30
RET355,2025-12-21,ORD355,CUST355,PROD355,Office Chair,Furniture,South,Chennai,12.8002813179498,12156.5413533834,Defective,Approved,20013.1578947369,2025-12-01
RET356,2025-12-22,ORD356,CUST356,PROD356,Headphones,Electronics,North,Delhi,12.837498359184,12144.5864661654,Changed Mind,Pending,20018.4210526316,2025-12-02
RET357,2025-12-23,ORD357,CUST357,PROD357,Shoes,Fashion,West,Pune,12.8747154004182,12132.6315789473,Wrong Size,Approved,20023.6842105263,2025-12-03
RET358,2025-12-24,ORD358,CUST358,PROD358,Keyboard,Electronics,South,Hyderabad,12.9119324416524,12120.6766917293,Damaged,Approved,20028.9473684211,2025-12-04
RET359,2025-12-25,ORD359,CUST359,PROD359,Monitor,Electronics,East,Kolkata,12.9491494828866,12108.7218045112,Defective,Approved,20034.2105263158,2025-12-05
RET360,2025-12-26,ORD360,CUST360,PROD360,T-Shirt,Fashion,South,Bengaluru,12.9863665241208,12096.7669172932,Wrong Size,Approved,20039.4736842105,2025-12-06
RET361,2025-12-27,ORD361,CUST361,PROD361,Table,Furniture,North,Delhi,13.023583565355,12084.8120300752,Damaged,Rejected,20044.7368421053,2025-12-07
RET362,2025-12-28,ORD362,CUST362,PROD362,Tablet,Electronics,West,Mumbai,13.0608006065891,12072.8571428571,Changed Mind,Approved,20050.0,2025-12-08
RET363,2025-12-29,ORD363,CUST363,PROD363,Jeans,Fashion,South,Chennai,13.0980176478233,12060.9022556391,Wrong Size,Approved,20055.2631578947,2025-12-09
RET364,2025-12-30,ORD364,CUST364,PROD364,Printer,Electronics,East,Kolkata,13.1352346890575,12048.947368421,Defective,Approved,20060.5263157895,2025-12-10
RET365,2025-12-31,ORD365,CUST002,PROD365,Sofa,Furniture,South,Bengaluru,13.1724517302917,12036.992481203,Damaged,Pending,20065.7894736842,2025-12-11
